ID,name,gene_list,context,GSE
,Cluster_0,"FAM189A2,OGFRL1,MAP3K5,ITPR2,ETNPPL,NRG3,CD38,FMN2,LINC01088,KCNN3,DAAM2,AC002429.2,OBI1-AS1,NTRK2,SYTL4,WDR49,ADGRV1,LIFR,AQP4,ID3,OSBPL11,DPP10,SERPINI2,TLR4,NAA11,MGAT4C,AC026316.5,EEPD1,RASSF4,AL392086.3,SLC4A4,EDNRB,SLC39A11,ATP1A2,SLCO1C1,AHCYL2,SPON1,SLC1A3,GRAMD2B,DTNA,AC012405.1,NKAIN3,NTM,SLC14A1,DCLK2,DCLK1,ID4,AC124854.1,LINC01094,PCDH9,GABBR2,PARD3B,PDE8A,LRIG1,C5ORF64,RNF19A,SPARCL1,AC093535.1,FADS2,PLEKHA5,ASTN2,ADAMTS9,AC073941.1,SLC24A4,PAPPA,AC068587.4,FARP1,SORL1,ARHGAP26,CADPS,ST3GAL6,ITPKB,GABRB1,FAM107A,MIR99AHG,ANK2,AC107223.1,PPP2R2B,LPL,AL589935.1,MRVI1,TNIK,AL160272.1,AC016766.1,RANBP3L,ARHGEF4,ADCY2,NPL,KCNQ5,AC079352.1,LIX1,APOE,SLC25A48,ADCYAP1R1,AHCYL1,RASL12,GINS3,PTPRG,AL096709.1,BMP2K,MCF2L2,RBMS3,SLCO3A1,AL445426.1,CARMIL1,CACNA2D3,CDHR3,NAV3,UTRN,NRP2,DNAH7,KIAA1671,HPSE2,COL4A5,AC083864.5,L3MBTL4,AC092131.1,PCSK6,AC097450.1,ANOS1,SYNPO2,LINC00836,MAPK4,AL365259.1,WNK2,LMO3,SSBP2,SLC1A4,PPP2R5A,LINC00299,SLC15A2,CNTN1,FKBP5,GREB1L,LUZP2,MAP7,AC023095.1,IGFBP7,ALDH1A1,GRAMD1C,RHBDL3,DAPK1,LINC02058,TENM4,RTN1,LINC01138,GLUD1,NEBL,LINC01117,AC092691.1,TJP2,PCDH9-AS2,YAP1,ABCC9,LAMA1,AL137024.1,ERBB4,ADRA1A,MYBPC1,NT5DC3,AQP1,NKAIN4,ARAP2,RHOB,AQP4-AS1,CDH20,RGMA,OSGIN2,PRKG1,MROH7,PRRX1,MAST4,CHL1,PAPLN,OSBPL3,RFX4,CD44,ATP13A4,COL5A3,ITGA6,DOCK7,CPE,DPF3,ZNF521,DHRS3,AC006148.1,LMNTD1,AC092924.2,LHFPL6,AC024145.1,LIMCH1,SRPX2,AL590999.1,ADCY8,AC008957.2,TTYH2,GJA1,SHROOM3,USH1C,AC007262.2",,
,Cluster_1,"TNC,CD44,VCL,SAMD4A,IGFBP7,DEC1,ELL2,CADPS,ACTN1,GBP2,BCL6,GLIS3,EMP1,SERPINA3,NAMPT,TPST1,GAP43,NEAT1,SPOCD1,GFAP,MAP3K14,FN1,CLIC4,PDE8B,MAP1B,TENM4,SOD2,SORBS1,ANXA2,VMP1,PGM2L1,SERPINE1,FOSL2,ZFP36,WWTR1,GADD45A,CCN1,CNN3,HAS2,F3,RASD1,PRRX1,BAALC,TCIM,LYST,RFTN1,FRMD5,GBP1,MAN1C1,NRP2,TIMP3,HRH1,ZFP36L2,YBX3,CCL2,GLUL,PFKFB3,JUNB,MAPK4,CDH11,DCLK1,SPRED1,NEDD9,SAT1,LPAR1,LMO2,ARID5B,ARHGEF3,STAT3,ETV6,LMCD1,DTNA,BTBD11,ARHGAP29,GEM,FOS,TGFB2,CLU,KLF6,COL4A1,PALLD,CAMK2D,TPM4,TIPARP,GADD45B,UBASH3B,TRIO,NAV2,ITPKB,PRUNE2,EGR1,CLCF1,IFI16,MYOF,DPYD,ABCC3,CHI3L1,NRCAM,SOCS3,NIBAN1,RNF19A,LINC02821,COL8A1,A2M,NFATC2,MIR4435-2HG,ARID5A,PITPNC1,NR4A3,CLIP1,NOS1AP,CEBPD,PLSCR1,PMP2,ATF3,NUDT4,OSMR,CNR1,C1R,RDH10,PROS1,RETREG1,RPE65,SLC39A14,FNDC3B,ANO6,TANC1,IQGAP2,IL6R,FOSB,IL1RAP,ITPR2,ADAMTS9,FBXO32,ITGAV,IL1R1,VIM,SPARCL1,SLC44A3,KLF7,TGFBR2,ZNF385D,ELMOD1,JUN,GPR158,MARCH3,AC092131.1,EFEMP1,EDNRA,AC092691.1,P3H2,CITED1,C11ORF96,GALNT2,RCAN1,ITPKC,COL4A2,GPC6,C3,CNTNAP3B,RDH10-AS1,ADAM12,CHL1,BTG2,GALNT15,NFIL3,MYO1E,DUSP1,IFFO2,PHLDB2,SCARA3,CYTOR,AL596087.2,BAALC-AS1,FAM20C,NNMT,STK40,LINC01138,SULF1,FMN2,CFI,PDPN,IRS2,HIF1A,ID1,HLA-E,ITGA3,DOK5,PDLIM5,CXCL2,MRTFB,DPYD-AS1,MFHAS1,MCL1,EGR3,ELOVL5,LTF,CRISPLD1,GFPT2,LINC00698",,
,Cluster_2,"DPP6,CHST11,MAP3K1,SLC24A3,NRXN1,REV3L,KAT2B,TNR,PTPRZ1,LRRTM4,SEZ6L,SOX2-OT,CSMD1,LHFPL3,SEMA5A,RGS7,MMP16,LRRC4C,LRRN1,MTSS1,KCNIP1,KCND2,PTPRD,NXPH1,NTRK3,WSCD1,XYLT1,PDGFRA,CDH10,DLG2,PCDH9,OPCML,PLPPR1,AC007402.1,AC023480.1,LHFPL3-AS1,CA10,MPPED2,NTM,RAB31,GRM5,SRGAP2,FGF14,MAP2,OLIG1,KCNMB2,TNK2,SOX5,ZEB1,SLC2A13,SH3D19,SNTG1,ANK3,CNTN1,AMZ1,ARHGAP42,CSPG5,PDE4B,PID1,DCC,NCALD,PLEKHH2,SNX22,RIMS1,SYN3,MDGA2,STXBP5L,IGSF21,STK32A,ANKS1B,SHC3,GAD1,LINC01322,FAM155A,AL589740.1,SCN1A,SPATA6,CSRNP3,ESRRG,AC013265.1,LDLRAD3,DOCK9,NOVA1,DISC1,UNC80,USP54,PRKCA,KCNIP4,PANTR1,SLC35F1,CDH20,PDZD2,KIF13A,KLF12,EGFR,DENND2A,ETV5,NLGN4X,PEAK1,CNTN6,NSG2,NCKAP5,PHLPP1,ARHGAP20,SH3KBP1,SLAIN1,CTNNA2,SGK1,COL20A1,BRINP3,RIMS2,MEGF11,PTPRO,EPN2-AS1,SCD5,MYO10,SCN3A,CASK,MYO5C,MYT1,LUZP2,CD82,BRINP2,SGIP1,NAV2,CSMD3,ARFGEF3,GSG1L,EYA1,AC117464.1,GLCCI1,GALNT10,AC091885.2,TRIB2,UNC79,SUSD4,AGMO,AC068308.1,SPSB4,AC064875.1,LRRK2,SLC4A10,LRRTM3,LRP4,LRP1B,ZCCHC24,TMEM196,AC004852.2,PLPP4,GRAMD1B,CRISPLD2,AC092691.1,NALCN,ZFHX4-AS1,PPFIA2,KCNMB2-AS1,CCND2,GRIA3,PPP2R2B,KCNQ1OT1,TMEM132C,CARMIL1,HIP1,KCTD8,CADM2,DOCK10,GRIA2,GRID2,KCND3,VCAN,AC009041.2,COL4A4,COL4A3,NPAS3,PCDH15,XKR4,AC011474.1,NLGN4Y,ZDHHC14,CNTNAP2,COLGALT2,AC023282.1,CNTN3,AC037450.1,AC062021.1,PTPRN2,INSYN2A,DGKG,CHST9,NTNG1,CACNG4,PTPRE,DOCK4,SYT16,ADGRL3,LINC00461,KHDRBS3,BCHE,LINC01237,BCAN",,
,Cluster_3,"CFI,SNTG1,PLEKHG1,PRKD1,ETV6,ADAMTS14,SCN1A,EPHA3,SLC1A2,ADCY2,COL8A1,TNIK,LINC01993,TPST1,STOX1,GLI3,GRIA1,GRIK3,GRIN2B,HS3ST3B1,KLHDC8A,LINC00511,LINC01122,IFI16,ILDR2,GALNT17,IMMP2L,KCND3,GAS7,FBXL7,FNDC3B,FMN2,CNTNAP3B,CTNNA3,DCLK2,DOK5,DPF3,DPY19L1,DTNA,EEPD1,ELMOD1,ETV1,F3,FAM126A,LRRTM3,FHIT,FIGN,LRRC4C,A2M,LZTS1,PLCE1,PREX2,PROM1,RFX4,SAMD4A,SCN1A-AS1,SEMA3A,SEMA3E,SETBP1,SIPA1L1,SIPA1L2,SOCS2-AS1,SOX2-OT,STK33,SULF1,TSHZ2,PODXL,PLCB4,MAP3K14,PITPNC1,MCUB,MOXD1,CDH2,MYO5B,NEK6,NPAS3,NR2F2-AS1,NTM,OSMR,P3H2,PARD3B,PCDH9,PDE1C,PDE4B,PDZRN3,MRC2,ZNF385D,ARID5B,AC125613.1,AC002074.1,AL050309.1,AC018616.1,CADM1,AC243829.2,ATRNL1,AC073050.1,AC110023.1,PGM2L1,AC092958.1,PMP22,PMP2,PLSCR1,PLS3,PLPP4,AC103923.1,PGM5,AC109492.1,PLEKHA4,PLD5,PLCH1,PPP1R1C,PLCG2,AC108749.1,PHLDB2,PHLPP1,POT1-AS1,CARMIL1,PRDM16,AC092691.1,RBM20,RAB31,PTPRZ1,PTPRT,PTPRJ,PTPRG,PTPN9,PTN,PTH2R,PTEN,PTCHD1-AS,PTCHD1,PTCH2,PSRC1,PROS1,AC091078.1,AC091646.1,PRKCA,PRKAR2B,PRICKLE2,AC110296.1,PELI2,PDGFRA,PDLIM5,NPSR1,ADAMTS9-AS2,NOX4,NLGN4X,NKAIN3,NHS,NETO2,ADGRA3,NEDD9,NEAT1,NDST3,NCAM2,NAMPT,ADGRL3,MYO3B,MYO1E,MYO16,MYBPC1,MVB12B,MT-CYB,MT-CO3,MT-CO2,NPNT,ADAMTS6,PDGFRL,NR4A3,RELL1,PDGFC,PDE4D,AC116049.2,PCP4,PCGF5,ACSBG1,PARD3,PAPPA2,PAG1,PACRG,ACSS3,OXR1,ADAM23,OSBPL6,NXPH1,NUAK1,NTRK3,ADAM9,NRXN3,NRCAM,RCAN1,RGMA,RETREG1,TMEM178B,TMEM176A,TMEM164,TMEM163,TMEM108,TGFBR2,TENM1",,
,Cluster_4,"ALCAM,GALNT13,DNM3,ADGRL3,MIR181A2HG,SH3D19,NOVA1,GRIK2,GRIA2,GLCCI1,MAP2,ARPP21,PCDH15,FAM110B,EGFR,MAML2,SNTG1,OR4N2,CSMD3,RAB27B,KLRC2,SOX6,AL353784.1,AL512308.1,AC002069.2,GRIA4,PDE10A,CALCRL,ETV1,PTPRZ1,ZEB1,ELMO1,NRXN1,DPP6,MARCH1,LINC02294,AL110292.1,PHLPP1,BEST3,LDLRAD3,DSCAML1,XKR4,UST,CTNNA2,TMEFF2,SOX4,ADAM22,LINC01322,MIR181A1HG,FERMT1,NOL4,GRID2,LHFPL3,AC233296.1,LRRN1,DLL3,CELF2,RAPGEF4,TOX3,RFTN2,HIP1,BRINP3,CHST9,CBLB,SCN3A,CADM2,DLL1,BCHE,DOK6,SLC2A13,IL1RAPL1,NXPH1,VCAN,VIPR2,MDGA2,AC003991.1,AC007402.1,PID1,SCD5,PHYHIPL,NDST4,NTRK3,ELAVL4,MTSS1,SMOC1,DLGAP1-AS4,KCND2,MMP16,DLGAP1,TMEM196,VCAN-AS1,CXXC4,ZNF804A,CDH2,UGT8,SERINC5,EPB41,SEZ6L,CDH10,EPCAM-DT,PIK3R3,NKD1,RNF150,LUZP2,HES6,ERC2,DCX,REV3L,IGF1R,ARL15,C2ORF27A,DGKB,NCAM2,AL445250.1,FGF12,ANTXR1,NCKAP5,FGF14,SLC44A5,AC009041.2,DSCAM,ATRNL1,RBPJ,SLC24A3,TFDP2,FYN,SCN1A,GABRB3,IMMP2L,CRB1,ZNF804B,LRP1B,LINC02488,LINC02283,LINC00689,SPHKAP,CNTN1,ZNF704,PTPRK,KLF12,KHDRBS3,CNTNAP2,KCNQ1OT1,CSMD1,KCNH8,PEAK1,CACNA1A,JAZF1,KAT2B,CSMD2,AC007319.1,ERBB4,CHST11,SOX11,SLC8A3,CDH13,SOX2-OT,OSBPL8,SH3RF1,PCDH11X,CDH20,OPCML,SLC4A7,CCDC178,NLGN4X,AC004852.2,NPAS3,CASK,CNTN3,PAK3,AC013265.1,CASC15,OLIG2,ZNF124,COL11A1,CREB5,DMD,EYS,CDON,FAM117B,MYT1,RNF165,HECW1,AC019197.1,TNR,AL133346.1,MIR4300HG,MEGF11,KLRC3,ADGRA3,ADAMTS6,LDLRAD4,ADAMTS19,PTCH1,LHFPL3-AS1,LINC00511,LINC00609,PPFIA2,LINC01619,AC112493.1",,
,Cluster_5,"ID4,DOCK7,LIFR,ANKFN1,GLIS3,ARHGEF26-AS1,DCLK1,MIR99AHG,ADCY2,SORBS1,RNF19A,PARD3B,GRAMD2B,DCLK2,GFAP,WLS,ABLIM1,TNIK,AC093535.1,BMPR1B,NTRK2,RFX4,PACRG,NKAIN3,LHFPL6,AHCYL1,LRIG1,BBOX1,VCL,EDNRB,SPARCL1,DTNA,ASTN2,DNAH7,ANOS1,LINC01088,PTCHD1-AS,SYTL4,GALNT15,AC073941.1,AC012405.1,ARAP2,PLEKHA5,WDR49,ID3,RGMA,RETREG1,GNG12-AS1,DAPK1,KCNN3,CLU,PITPNC1,COL28A1,CD99,ADGRV1,RASSF4,APOE,AC103923.1,TMEM232,SSBP2,LIMCH1,ITPR2,PPP2R2B,NT5DC3,NEBL,AC068587.4,RTN1,SEMA6A,NOS1AP,AQP4-AS1,GAREM1,EEPD1,EFEMP1,OSBPL11,FRMD5,PLTP,SLC4A4,LINC01138,TLN2,TPST1,CD44,CFAP54,IL33,FMN2,LINC01117,MASP1,NRG3,CNN3,SPON1,ADCY8,VIM,TENM4,AC091826.2,AC234582.1,AC091078.1,AC079385.1,LINC01748,FAM135B,AC092902.4,DPY19L1,AC092924.2,STON2,C8ORF34,CACHD1,SPAG1,KANK1,PRRX1,LINC00882,MAP3K5,C1ORF61,CDH11,ARHGEF26,LIX1,BMP2K,TIMP3,ALDH1L1,ARHGEF4,BCL2,KCNQ5,OBI1-AS1,IFI44L,YAP1,RFX2,NCKAP5,NAA11,VWA3B,FADS2,DMD,SLC16A9,SLC1A3,FAM189A2,MMD2,CTDSPL,PLSCR4,CSGALNACT1,PTPRT,SERPINI2,SNX31,TMTC2,PDE8B,ROBO2,IMMP2L,FIGN,ITGB4,GABRB1,AKAP6,ABCA1,FAT3,FOXO1,SCARA3,GINS3,GALNT17,LINC00836,FAM182B,GJA1,RMST,GPM6A,ITPKB,SLC14A1,ELL2,CCDC80,CFAP43,PRUNE2,CHST9,PSAP,IQGAP2,SLCO1C1,PTPRG,CCDC136,GRIK1,CADPS,HRH1,SLC24A4,SORL1,DNAJC1,HES4,DOK5,ATP1B2,LINC00609,ADCYAP1R1,NPAS3,NFIA-AS2,AC026316.5,PAM,PAPPA,AC099792.1,AC124254.2,PARD3,LYST,TTYH2,MAN2A1,MARCH3,TNC,PDE8A,AL022068.1,PCDH9,PLCE1,AC093305.1,ZFP36L2,LINC01094",,
,Cluster_6,"SOX6,FGF12,CADM2,SMOC1,PDE4B,KIF13A,MAML2,FGF14,COL11A1,VCAN,PLAAT1,ALCAM,MEGF11,UST,GRID2,FYN,VCAN-AS1,DNM3,OPCML,DSCAM,OPHN1,MAP2,TNR,ZNF804A,AL512308.1,GALNT13,MDGA2,GRIA2,ADGRL3,DGKB,SCD5,DLGAP1,LSAMP,TNS3,PKP4,SLC44A1,PHYHIPL,SGK1,SERINC5,LINC00511,FERMT1,CCDC26,P2RX7,DLGAP1-AS5,DLGAP1-AS4,DISC1,SAMHD1,SH3D19,COL20A1,PCDH15,CA10,AFAP1L2,GRIA4,MARCH1,ZEB2,LINC02283,SLC2A13,AC009041.2,ANO3,PDGFC,DSCAML1,RBPJ,NOVA1,SOX10,KCNIP4,BRINP2,BCAS1,PRKCE,AL136114.1,ARPP21,NRCAM,LRP1B,SCN3A,LHFPL3,DGKG,SLC1A1,AC004852.2,GLCCI1,FAM110B,DOCK10,LINC00609,CELF2,MACROD2,RNF150,PHACTR3,RAPGEF4,LUZP2,SIRT2,C2ORF27A,SEMA5B,AC006058.1,IL1RAPL1,ARHGAP22,PTCH1,AL359091.1,JAZF1,KAZN,RBMS3,TMEFF2,AL353784.1,SOX8,SSH2,LIMD1,PODN,FXYD6,UNC80,ERBB4,RTKN,PTPRZ1,DMD,LINC00689,SHROOM4,ETV1,AC110285.1,ERBB3,EYS,AC009227.1,GRIK2,ZBTB16,FAM13C,AC020584.1,CRB1,GPR17,PLPP4,DLL3,POLR2F,PID1,SCN1A,REPS2,EPHB1,KAT2B,DCC,PKP4-AS1,ARHGAP24,SLIT1,ASIC4,ANKRD28,MMP16,RFTN2,IGSF9B,CSMD3,RIN2,SGCD,SOX5,FAM242A,FHIT,RGR,SEMA6D,TMEM132B,TMEM163,TNK2,ZFPM2,LINC01170,LHFPL3-AS1,AL136171.2,VIPR2,TRIM9,PDGFRA,PCDH11X,UGT8,AL139231.1,NTN4,NXPH1,CLEC2D,GRIA3,KHDRBS2,PRICKLE1,SLC35F1,AC068587.4,PTCSC3,TOX,STK32A,DPYSL3,OLIG1,C1QL1,AJAP1,AC068308.1,PTPRJ,LRRTM4,BRINP3,XKR4,NCAM2,CTNNA3,KHDRBS3,OR4N2,ADAMTS20,GPR158,GLRA3,AC096555.1,CDH13,ADAMTS6,CNTN3,AC092821.3,COBL,MB21D2,SCN1A-AS1,RALYL,SOX2-OT,CALCRL,BMPER",,
,Cluster_7,"CAMK2D,MIR4435-2HG,CDK6,CYTOR,CHRM3,RGS6,KIAA1211L,KLHL4,CDH2,HIVEP3,SPRY4,TRIO,ADAMTS9,WWTR1,SPRED2,VAV3,PLAT,SATB2,CHRM3-AS2,SIPA1L1,GAP43,KCNIP1,PCNX2,GRIA3,ILDR2,IL1RAP,AC092691.1,CPNE4,IQGAP2,BCAT1,TRIM9,LRATD1,NOVA1,METTL7B,JAG1,DENND2A,PALM2-AKAP2,SPRED1,NRCAM,FREM2,DPF3,SPATA6,CNKSR2,HS2ST1,TNFRSF12A,GLDC,MYO16,CHL1,CDK14,CDH4,NEK6,STK17A,STK32A,STK32B,MED12L,CAMK2B,ARHGEF26,ARSJ,C6ORF141,GALR1,PTPRZ1,SH3PXD2B,RHOJ,SHROOM3,ITGB8,CREB5,AC092958.1,INSYN2A,LYST,CSMD2,ITGA3,ITGA7,KLHL29,AC124254.2,DPP6,KANK1,ZDHHC14,PREX1,P2RY14,AC004828.2,SLC35F1,CPNE8,TANC1,IGF2BP2,EML4,ADAM19,COL22A1,ACSS3,SRPX,FRMD5,MEIS1,ESR2,SEMA5A,ENC1,SYNJ2,COL4A2,MEG8,SEMA3E,MAP3K1,POSTN,DLC1,DNMBP,ETV5,DEC1,ABCC3,LONRF2,CEMIP,LINC02742,SHISA9,ETV6,MAMLD1,ERI1,FGF14,SNTG1,FNDC3B,CLMN,SPRY2,PRAG1,SLC8A1,LSAMP,LMO2,DNM1,PDE8A,AC087564.1,GRIK2,RCAN1,GRIN2B,ALK,VMP1,AL356124.1,LEF1,HMGA2,HMGA2-AS1,LDLRAD3,IGF2BP3,PCDH7,LAMC1,PCDH9-AS2,TRPM3,ACSBG1,NES,ADGRL3,ADAM12,HS3ST5,ADAMTS9-AS1,MTCL1,UBASH3B,ARHGAP26,RASSF8,AC017002.5,PGAP1,LIMK1,RYR3,AC060834.2,ZMAT4,KCNMA1,SCD5,SAMD4A,RUNX1,NPAS3,AC064875.1,SCG2,GAS2,OSBP2,PDGFA,LAMA4,SLC35F4,EMP1,KCND2,DPYSL5,RFFL,KALRN,ITPR2,LAMA2,SLC1A2,ELOVL2,L3MBTL4,DPY19L1,RBPMS,RGS17,LPAR1,DUSP6,LINC01138,RNF157,PXYLP1,LHFPL6,FBN2,RUBCNL,FGFR1,SH3KBP1,GRB10,GPR158,LINC01798,EPHA3,PTPRJ,GNG12-AS1,PRKD1,PVT1,LINC00266-1,SEMA3A",,
,Cluster_8,"CARNS1,MOBP,ERMN,ST18,PTGDS,TF,FOLH1,NKAIN2,PLEKHH1,MYO1D,PLP1,CTNNA3,CNDP1,MOG,ENPP2,EDIL3,MAP7,MAG,SELENOP,RNF220,AK5,PPP1R14A,CDH19,PEX5L,RNASE1,SLC7A14-AS1,CLDND1,PIP4K2A,APLP1,GSN,SHTN1,SAMD12,CLMN,SPOCK3,SH3TC2,AC090015.1,CLDN11,TMEM144,MYRF,C10ORF90,MBP,DOCK5,ABCA2,UNC5C,AC012494.1,NKX6-2,DBNDD2,VRK2,PLPP2,LINC01608,GRM3,KLK6,QDPR,SEPTIN4,CNP,ANKRD18A,HAPLN2,MTUS1,MAL,CD22,CNTN2,ATP1B1,OPALIN,ST6GALNAC3,FRMD4B,SLC5A11,PIEZO2,COL4A5,CNTNAP4,SLC24A2,IL1RAPL1,CERCAM,APOD,KIRREL3,CDK18,NT5DC1,ASPA,PDE1C,PLD1,HPN-AS1,HHATL,LINC01445,PALM2-AKAP2,DLC1,AATK,TTLL7,SEC14L5,RAPGEF5,TMEM235,TMTC2,TPPP,SLC31A2,GPR37,TUBB4A,SH3TC2-DT,SH3GL3,FA2H,LINC00320,ZNF536,TMEM165,TMEM125,CSRP1,TMEM151A,ATP8A1,NINJ2,BCAS1,LDB3,MAN2A1,LPAR1,LRP2,ABCA8,AC008571.2,AC004690.2,SRCIN1,CA2,SYNJ2,RASGRF1,PLCL1,RASGRP3,SLC22A15,ANLN,GJB1,PLAAT3,PLLP,ADAMTS4,SLC44A1,FAM107B,ITGA2,PPP1R16B,AC009063.2,RASGRF2,DNAJC6,HHIP,DPYD,LINC00639,PPM1H,CLCA4,SPP1,BOK,SLCO3A1,KIF6,NECAB1,TMEM63A,HSPA2,ENO4,CBR1,ELOVL7,HS3ST5,FGFR2,LGI3,KCNK1,FTH1,FUT8,KLHL32,ELMO1,KCNMB4,DLG2,SGK1,PCSK6,SLCO1A2,SEMA4D,SCD,AL033523.1,PWRN1,SOX10,PRR18,AL158077.2,AMER2,ANK3,TRIM59,ANO4,AC079352.1,OTUD7A,LRRC63,UGT8,PCDH9,SLC45A3,ABCA6,AC025810.1,SHROOM4,SLAIN1,GLDN,COBL,AC096564.1,AC098679.5,PDE1A,CPPED1,SLC7A14,AC092058.1,ERBB3,AC018647.1,ADAMTS18,LARP6,MEGF10,OSBPL1A,DAAM2,BEST1,AL359091.1,TRIM2,VWA1",,
,Cluster_9,"UNC5D,DAB1,RGS7,ANK3,GRM7,MEG8,LRRC7,SNHG14,GRM5,MEG3,KCNQ3,NRG3,RBFOX1,PPFIA2,GRIN2B,CACNA1C,ATP8A2,PLPPR4,GABRB1,ANKS1B,KCNC2,TENM2,AL024495.1,KIRREL3,CACNA1E,GABBR2,CAMK2B,LINC01122,SH3GL3,DLG2,DPP10,EDIL3,CNTNAP2,SLC4A10,CNR1,CLSTN2,FAM155A,CELF4,RIMS1,RIMBP2,FRAS1,FRMPD4,CCDC85A,PCLO,KLHL29,MIR137HG,LINGO2,NELL1,NAV3,NTM,SRRM4,MARCH4,MAGI3,NEGR1,CALB2,RAPGEF5,SPTBN4,GABRG2,CACNA1D,WSCD2,PTPRN2,PRLR,BRINP1,GRIA1,BASP1-AS1,GRIP1,VAV3,PPP2R2C,LRRTM4,VAT1L,SORBS2,LYPD6B,RIMS2,HECW1,DGKI,DCC,SHISA9,MYO16,ABLIM2,ZNF536,SGIP1,CSMD3,SEZ6L2,SEZ6L,DYNC1I1,ZNF385D,SCN2A,ZMAT4,CNTN5,ESRRG,CLEC2L,ROBO1,CHL1,CHD5,RIT2,HDAC9,SHANK2,TMEM130,TAFA2,KCNJ3,SYT1,ADGRL4,PLPPR1,KSR2,UNC79,NRG1,SYNPR,ANKRD55,NMNAT2,SYT14,AC117461.1,OLFM3,PLXNA4,KCTD16,PDE4D,HS3ST5,PLXNA2,PAK5,SYN3,FAM135B,NALCN,PDE1A,RUNX1T1,MYT1L,RUNDC3B,ERBB4,KIAA1549L,ERC2,ERICH3,NSG2,KIF16B,ROBO2,KIF26B,EYS,HECW2,SAMD12,SCG2,LINC00882,NYAP2,LINC00355,LIMCH1,DLX5,DLX6,DLX6-AS1,DOCK9,LARGE1,MYRIP,PATJ,DPYD,DSCAML1,PBX1,SEMA3C,PDE1C,SCN3B,NWD2,SCML4,NCAM2,MGAT4C,LINC02263,RMST,GAD1,IGSF3,GALNT18,LINC01344,LY6H,RAB3C,PTPRO,PTPRD,GNAL,PRMT8,GRIK4,GRIN1,GRIN2A,PLPPR3,LRFN2,GRIP2,HUNK,DCX,HMGCLL1,RALYL,IL1RAPL2,PLEKHA5,KCNMA1,FGF13,FGF14,MIAT,HIVEP3,FNBP1L,KCNMB2,NDST3,NDST4,NEDD4L,KCNB2,FRRS1L,RCAN2,RBMS3,MAP3K20-AS1,GABRA2,RASGEF1B,MACROD2",,
,Cluster_10,"FGFR3,SDC4,SLC6A11,TPD52L1,AL157396.1,ACSS3,LGI1,AC027117.2,LINC00299,GRM3,AC097518.2,AC106845.1,RGS20,ALDH1A1,AC124852.1,LINC00499,ACSBG1,GJA1,GJB6,ANGPTL4,GPC5,ADGRV1,PREX2,PRKG1,PRR5,AL109809.5,FAM198B-AS1,GPC5-AS2,SHROOM3,DLC1,CARMIL1,SLC39A12,CABLES1,PAMR1,SLC1A3,SLC1A2,WIF1,CPQ,F3,ATP1A2,PTGDS,MEGF10,ME1,AQP4,EFNA5,CGNL1,GRAMD1C,AL137139.2,ETNPPL,RYR3,FRMPD2,FXYD1,GABRA2,DTNA,EMX2,GNA14-AS1,AL356737.2,GNA14,GLUL,CST3,FAM107A,EMX2OS,RAB34,ACACB,MT1E,MRVI1,MGST1,MARC2,MAPK4,PDE7B,PIR,NTSR2,AC114971.1,PDGFRB,MYBPC1,LAMA1,ZNF98,HOPX,KIAA0319,IFITM3,DKK3,NAV3,ATP1B2,MT1M,ABLIM1,RANBP3L,SULT1A1,NTM,AC007389.1,COL5A3,ECHDC2,CADM1,AC008957.2,AC079142.1,GLI3,SPARCL1,LUCAT1,LHX2,CHL1,INTU,LRRC3B,F11-AS1,RNF43,CSRP1,TRPM3,SLC25A18,APOE,NEAT1,CLU,CLDN10,CPNE8,OBI1-AS1,SLC7A10,CNTNAP3B,MMD2,CXCL14,LINC01727,HPSE2,ABCD2,LGI4,RERG,GABRG1,GABRB1,LINC01266,RORB,SFXN5,MICALL2,HEPH,SAT1,SDC2,PCDH9,DNAH7,DIO2,CDHR3,OAF,AQP1,AC009899.1,AL445426.1,TPCN1,TMEM241,ACSS1,ACSL6,APOC1,AC245187.2,ARHGEF4,TVP23C,TENM2,TAFA1,VAV3,AGT,XAF1,ADIRF,RHPN2,PAPLN,SLC1A4,IMPA2,ALDH7A1,EYA2,RHOJ,MGAT4C,ANO5,CNTNAP3,ANKDD1A,FLG-AS1,FGL1,PPP1R3C,FGD6,BHLHE40,HS3ST3A1,AC090825.1,LMO3,CHST1,CBR1,S100A13,HIF3A,PAUPAR,SNTA1,MT3,HMGCLL1,ARRB1,RASL12,NKAIN3,PLEKHG1,EPHA6,TTC12,PLSCR4,LINC00944,RUBCNL,LGALS3,ACOT11,ELOVL2,CFAP47,PPP2R2C,SORCS2,NWD1,HDHD3,HHATL,GPM6A,AL139246.5,AL360178.1",,
,Cluster_11,"PAM,ADAMTS9-AS2,ITPR1,MEF2A,EPAS1,P4HA1,GBE1,PFKP,ARRDC3,VEGFA,BNIP3L,CA12,ZNF395,PDK1,IGFBP5,AKAP12,INSIG2,ABCA1,SLC6A6,SLC2A3,SLC2A1,EGLN3,ENO2,NDRG1,LUCAT1,FNDC3B,ADM,TRIM2,ESYT2,ERO1A,AL136131.3,OSMR-AS1,OXR1,ANGPTL4,ANXA2,ANKRD28,PRELID2,ARL4C,PYGL,DNAH11,SLC16A1,C4ORF47,HILPDA,MIR210HG,PLOD2,SORCS3,NRP1,PGK1,AC097534.2,YBX3,MSRA,IRS2,CAV1,SYTL2,CEBPD,SPNS2,LYST,SSBP2,CAST,ARHGEF10,CA9,PFKFB4,SCARB1,BACE2,SLC39A14,BHLHE40,SLC22A23,TRIO,MYOF,TRIM9,SERPINE1,NPAS2,ADCY8,EYA2,MT1X,PRUNE2,CALD1,DLG1,LGALS3,NOL3,DPYD,PCOLCE2,ATP13A3,RASSF8,HK2,AC107021.1,GRB10,AC098829.1,FAM20C,FKBP5,IMMP2L,ID2,FN1,SAMD4A,NEAT1,ABI3BP,IGF1R,MYO9B,VLDLR-AS1,IGFBP3,PTCHD1-AS,MYO1E,C2CD2,NIBAN1,GSE1,IGFBP2,SNHG14,WEE1,COL5A1,EEPD1,SLC7A11,HIF1A-AS3,SEC24D,KDM3A,CDK19,CDON,SLC38A1,SMIM3,CHSY1,ELL2,AC025159.1,NPTX1,ENO1,VMP1,FNBP1,MTCL1,AL390957.1,AL357153.2,AMD1,AL163541.1,FAM160A1,UNC5B,LOX,LNCSRLR,RGS6,LINC02649,ADGRL2,MT2A,AK4,TRIM56,NRN1,FGFR1,ADAMTS9,NAV2,POT1-AS1,COL13A1,IL1RAP,USP36,SEMA5B,SMARCD3,PTPRD,COL4A1,AC108519.1,MAP3K20,GLUL,DOCK4,ITGA3,DOK5,FMNL2,HAP1,COL4A2,NTRK2,AC104123.1,SESN2,AF165147.1,TRIB3,NAMPT,SLC15A4,SMYD3,MSC-AS1,FLNA,HDAC9,PPP1R3C,GPRC5A,AC093849.4,NRCAM,AC019257.1,LINC01411,SPOCD1,LONRF1,SQSTM1,KLF6,GAPDH,VIM,SYNE1,BTG1,PGM2L1,APLN,CAMK2D,PCSK5,PCA3,ENOX1,STAC2,VOPP1,ARID3A,ERRFI1,GAP43,LINC00894,KISS1R,KIF26B",,
,Cluster_12,"LINC00536,EMCN,PRKCH,PTH2R,LINC02511,LINC02476,DISC1FP1,LINC02240,AC097518.2,AP005230.1,GALNT17,EPHA6,AC093866.1,ERVMER61-1,AC090015.1,AC084816.1,LINC01811,AC078923.1,AC112206.2,AC113414.1,AC116362.1,CNBD1,ARHGAP15,MT-ND5,MT-CO1,MTUS2,MT-ATP8,AL603840.1,AL591506.1,AL390957.1,LINC00578,AL353595.1,AL138720.1,AL136456.1,CFAP299,LY86-AS1,POU6F2,AC078845.1,RYR2,GALNTL6,AC010343.3,IL12A-AS1,AC008691.1,IQCM,LINC01470,STEAP1B,USH2A,AC011287.1,LINC01500,AC016766.1,LINC00871,AC004917.1,AC068633.1,GNGT1,AC034268.2,AC009975.1,LINC01320,MIPOL1,MKI67,MGAM2,MGAM,MIR3681HG,LINC01214,MIR4713HG,MIR2052HG,LINC01091,LINC01208,MSC-AS1,MAP3K19,MSH4,MSR1,MT-ATP6,LINC01090,LINC00906,LINC00877,MT-CO2,MT-CO3,LINC00862,MT-CYB,LINC00640,MDM2,LINC01331,MALRD1,LINC01440,LINC01588,LINC01692,LINC01807,LINC01524,LINC01934,LINC02073,LINC02109,LINC02163,LINC02196,LINC01504,LINC01483,LINC01482,LINC02267,MACROD2,LINC02269,LINC01435,LINC02336,LINC02641,LINC01414,LINC02680,LINC02694,LINC01411,LINC01358,LINC02763,LRMDA,LUZP2,MT-ND1,ABCC3,MT-ND2,SLC35E3,SPOCD1,SPDYA,SPARCL1,SPARC,SLIT3,SLC7A14-AS1,SLC4A5,SLC30A8,STPG4,SLC26A7,SLC25A21,SKAP1,SGO1-AS1,SGCD,SEM1,SCG2,SPRY4-AS1,TAF7,MT-ND4,TSPAN8,ZMAT3,ZFHX3,XIRP2,WDR49,VEPH1,UTP23,TTN,TRPC6,TBXAS1,TRHDE,TPTE2,TMEM132D,TIMP1,THSD7B,THORLNC,TEX41,SATB1-AS1,SAMMSON,RXFP1,NPSR1,PCA3,PAPPA2,OBI1-AS1,NUP210L,NSG2,NRG1,NPSR1-AS1,NFE2L3,RUNX1,NECAB1,MYO3B,MYO18B,MTRNR2L12,MT2A,MT-ND6,MT-ND4L,PCAT1,PCBP3,PCDH15,PIEZO2,RPL37A,RP1,ROR2,RELN,RBMS3,RANBP17,PXDNL,PSTPIP2,PRUNE2,PPP1R15B,PPFIBP2,PMEPA1,PKHD1,PKD1L1,PIK3C2G,NPR3,HPSE2,LINC00534,AC100849.1,AC109927.1,AC109466.1,AC107223.1,AC104664.1,AC104574.2,AC104461.1,AC103409.1",,
,Cluster_13,"KHDRBS2,SMOC1,GULP1,GLCCI1,PTPRO,SH3D19,EYA1,EPCAM-DT,SLC24A3,SATB1-AS1,SYT16,TCF7L1,MTAP,AL139393.1,KCNMB2-AS1,KCNMB2,KCND3,GRIK3,IGF2BP3,KCNQ1,KCNQ1OT1,HIP1,KCTD8,HAPLN1,AC003991.1,KANK1,FNBP1L,GRID2,GALNT10,LINC00461,FAM110B,ERC2,EGFR,DSCAM,DPP6,DNM3,COL4A3,CHST9,CELF2,CDK6,CACNA2D1,CACNA1E,LDLRAD3,MAP3K1,LINC01322,SPHKAP,SGCZ,SINHCAF,SLC1A1,SLC22A3,SNTG1,SOX2-OT,SYNE1,LRP1B,TMEM196,TOX3,TRIO,UST,VCAN,ZNF804B,SEZ6L,SERINC5,SEMA5A,SDK1,SALL3,REPS2,PTPRT,PTPRN2,PTPRK,PTBP3,PODN,PCDH15,PAK3,MSRA,MEG3,ATP13A4,LRRFIP1,CA10,AC002069.2,AC008050.1,ADGRL3,AC073050.1,ANK3,ADAM22,AC004852.2,AC007376.2,ARL15,AL589740.1,ATG10,AC099792.1,PLXNA4,PRKD1,PRKCA,PRDM16,PPP2R3A,POU6F2,POLR2F,PHACTR3,PIK3R3,PKP4,PLXNA2,PLXDC1,PLPPR4,PHLDB2,PID1,PLPPR1,PLEKHA2,PLCE1,PLA2G4A,ATP10B,AC233296.1,PRKG2,RAD9A,RORA,RNF144A,RIMS1,RGS17,REV3L,RERG,AC104051.1,RASAL2,RAPGEF4,RALYL,RAB3C,PRR5L,RAB27B,PVT1,PTPRZ1,AC110296.1,AC112487.1,AC114971.1,AC119674.1,PTPRD,PTPN13,PEX5L,PHACTR1,PDPN,PER3,MTSS1,NOX4,NOVA1,NMNAT2,NLGN4X,NKD1,NKAIN1,NETO2,NCAM2,MYO9B,MYO10,AF165147.1,PELI2,MPPED2,MIR34AHG,MIR181A2HG,MIR181A1HG,MID1,MIAT,MEST,MEG8,AFF3,MARCH1,NR2F2-AS1,NR6A1,NRCAM,NRG1,RPS6KA5,PDGFC,PDE4D,PDE4B,PDE10A,PCDHGA1,ADAMTS19,PCDH11X,PANTR1,PAK5,ADGRG5,OTUD7A,OSBPL1A,OPCML,OLIG1,NXPH1,NTRK3,NTN4,NRXN3,NRXN1,NRSN1,RPS21,SAMD12,RPS8,TENM2,TRPC4,AC005906.2,TRIM36,TNFRSF10B,TMEM63C,TMEM44,AC007402.1,THRB,TFPI,TFDP2",,
,Cluster_14,"ADAMTS9,SLC4A4,ELOVL2,CPNE4,AC092957.1,TRMT9B,COL28A1,LAMA2,RORA,CNR1,AC064875.1,COL23A1,POSTN,TRPM3,FAT3,RUBCNL,ARHGAP26,ARHGAP18,SPRY4,SRPX,RHOJ,CCDC175,CCN4,KCNE4,AC092924.2,SLC8A1-AS1,ARHGAP6,SLC1A2,LINC01949,RPH3A,RTN1,AC109492.1,LDB2,SCN7A,ADAMTS9-AS1,PTPRG,DGKG,PDE3A,AL356124.1,PPP2R2B,FIGN,ATP13A4,PALM2-AKAP2,CHL1,TENT5A,ADGRL2,NOS1AP,MECOM,NEAT1,PCSK5,AL355306.2,MED12L,NOS2,ARSJ,AL360178.1,ARAP2,NKAIN3,AL596087.2,NOVA1,MYRFL,ABCA6,LPL,GRIK1,DMD,ESRRG,CPEB2,COL5A2,FBXL7,COL25A1,COL1A2,CNTNAP3B,FRMD4B,CHSY3,GABRB1,GALR1,GAS1,GPR37,HIF3A,LPAR1,CDK6,CDH6,JPH1,CCDC102B,CARMIL1,ABCA8,KLHL29,LAMB1,PDE7B,LINC01727,BEST3,BCAT1,LINC02300,LINC02821,PDE4D,NPNT,DCN,TSHZ2,ADGRV1,RGS6,ROR1,TMOD1,ACSS3,AC124254.2,RYR3,SATB2,TFCP2L1,TENM4,TENM1,SLC1A3,SLC8A1,SPATA6,STARD13,TRPS1,TMEM178A,AC073050.1,VAV3,PREX2,ZNF385D,PRKG1,DLG1,GRIA1,GRIA4,GRID2,DPP4,HIF1A,ZEB1,TAFA1,HIVEP3,HTRA1,HOPX,THSD7A,SYBU,IGF2BP3,IL1RAP,INPP4B,DGKZ,IQGAP2,ITPR2,STIM1,DENND2A,TFPI,FAP,DPP6,WIPF3,FBN1,TRIO,TPD52L1,TPCN1,EYA2,ETV1,TOX,TNFRSF21,FGD4,TNC,EMP1,UNC5C,FKBP5,FNDC3B,KCNIP4,FREM2,TMEM154,TMEM108,YAP1,FXYD6,DTNA,TMCC3,TLN2,PDE8B,STAC,NR2F2-AS1,MYBPC1,ROBO2,MYO1E,RMST,NEO1,NIBAN1,RBMS1,PTPRZ1,PTPRJ,PTPN14,NPAS3,DCC,PTN,RORA-AS1,NR3C2,OXR1,P2RY14,PARD3B,PCDH17,PCDH7,PCDH9,PLEKHG1,PCDH9-AS2,PLCE1,PDZD2,PDGFRA,MUSK,MT-ND3,SPRED1,LINC02147",,
,Cluster_15,"DNAH12,SGK2,MTHFD2L,AC025159.1,LINC00862,TSPYL2,BNIP3L,BET1,GBE1,AC098829.1,AC104248.1,MGAM,AC021851.2,GPC5,LINC02646,AC138627.1,AL390957.1,AL357153.2,SMIM12,LRRC69,LUCAT1,AL078604.4,USP36,LINC02340,AL160314.2,PKD1L1,AC008467.1,AC009404.1,LINC01191,AC011997.1,WNT2B,PIWIL2,PILRA,CHRNE,SLC26A7,AMPD3,MFAP3,GRK7,AL645465.1,SNX31,CORIN,AL606489.1,MDM2,AL591043.2,HAGH,CFAP161,SLC4A5,NUP210L,OARD1,MCEE,CWC25,SNHG14,HAVCR2,GUCA1B,FAM200A,ANKUB1,MGAM2,RNF6,NAF1,FAM184B,CBLB,NFE2L3,CCDC30,C3ORF35,MTHFD1L,C21ORF62-AS1,MSH4,GABRR2,GAL3ST1,AL118516.1,CCDC59,RRM2B,PVT1,ATP6AP1L,MMP24OS,SEC24D,SEM1,EPHA1-AS1,NPC1L1,FAM227B,SKAP1-AS1,LINC01823,LY75,AC104389.5,TNFRSF10B,AC092944.1,TNNI3K,AC079447.1,LINC02245,LINC00880,UFL1-AS1,ULK4,UMAD1,AC021851.1,LINC00881,AC019117.1,UTP23,AC016831.7,AC015845.2,LINC01031,WDR25,AC010210.1,LINC02150,LINC01214,WDR78,AC005487.1,AC005237.1,AC004949.1,LINC01482,LINC01505,LINC01588,TMEM269,AC091946.1,AL080250.1,TICAM2,SUGCT,KCNJ14,AF165147.1,KCNMB2-AS1,KCNQ1OT1,LRIF1,ADAMTS9-AS2,IL12RB2,ADAM32,LINC02680,LSMEM1,TINCR,AC109927.1,AC104461.1,LINC00326,TMEM202-AS1,LINC02641,PCBD2,MAP7D2,LINC02145,NUCB2,LINC02073,P4HA1,NOXRED1,MAT2A,NQO2,NPR3,LURAP1L-AS1,MAP3K19,MAP1LC3B,PAM,OXNAD1,MIR2052HG,LINC02196,NOL8,NIFK-AS1,LINC02615,MIR4713HG,LINC02551,LINC02542,PDIA5,LINC02224,LINC02649,LINC02763,LINC02811,NBR2,LMNTD1,NEAT1,NEU3,MIR34AHG,ME1,MAFG,ABCA1,PHKA1,SYCE2,THORLNC,TGM6,TFB2M,TBC1D22A,TAF7,SYTL2,SYF2,SYCP2L,SUCLA2,TMEM165,STYXL1,STXBP5-AS1,STX17-AS1,STEAP1B,SQSTM1,SPTY2D1,SPRY4-AS1,SPDYA,TMC3-AS1,TMEM241,SNORC,VEGFA,ZNF627,ZNF433-AS1,ZNF20,ZMAT3,Z93930.2,WDR66,WDR49,VLDLR-AS1",,
,Cluster_16,"ATP8A2,GABRG3,SYT1,SLIT3,SLC35F3,GABRA1,GABRB2,DLGAP2,SV2B,SLC17A7,CCSER1,GALNTL6,KCNC2,GABRG2,MYT1L,CDH12,HS6ST3,FRMPD4,SYT7,LINGO2,LRFN5,LRRC7,SNAP25,TMEM132D,PCLO,HCN1,SYN2,CNTNAP2,NELL1,STXBP5L,CALY,STMN2,CHD5,NRXN3,AL117329.1,NRG1,NRGN,TAFA1,IQCJ-SCHIP1,SLC4A10,KCNJ3,FAM153CP,RBFOX3,RBFOX1,RAPGEF5,TENM2,RALYL,VSNL1,GRIN1,NECAB1,CACNA1B,ZNF385B,RYR2,ENC1,OLFM3,GRIN2A,NELL2,CNTN5,TCERG1L,TESPA1,TENM3,CELF4,CACNG3,ASIC2,ATP1B1,GABRA4,CAMK2A,ST6GALNAC5,CNTN4,EPHA6,CNTNAP5,EDIL3,CABP1,CREG2,SRRM4,FSTL4,FAM153B,CDH18,NEFM,AK5,NIPAL2,AJ009632.2,AGBL4,KIAA1211L,RGS4,ABCA5,AC019211.1,PTPRR,LY86-AS1,GRM7,MCHR2,AC090709.1,MEG3,MIR137HG,NKAIN2,KCTD16,AC011287.1,AL591501.1,KCNB2,NPTX1,HTR1E,PACSIN1,POU6F2,PDE1A,CDH9,MTUS2,NAV3,PDE4D,NEFL,PEX5L,SULT4A1,CHRM3,NWD2,NPY1R,NPTX2,SORBS2,GRM5,DYNC1I1,KCNQ5,HRH2,SLC12A5,SAMD12,SLC22A10,GABRG3-AS1,KCNIP4,KCNJ6,KCNK1,KCNQ3,GABRB3,MICAL2,RIMBP2,GABRA5,KHDRBS2,RGS7,KIRREL3,LINC01197,MCTP1,SNCA,PRR16,PTPRD,ABCA10,CACNA2D3,AC034268.2,AC067956.1,AC008574.1,CAMK4,ADGRL2,YWHAH,ATRNL1,CACNA1E,AC007368.1,UNC5D,CBLN2,AC027288.3,ANKS1B,ANKRD34C-AS1,CCK,CAMK2B,FAM155A,UCHL1,BICDL1,SLC6A17,AC109466.1,FLRT2,EPB41L3,PTPRN,BRINP1,EPHA5,EPHA3,HPCA,SYT4,MBP,CA11,SNCB,EPHB6,LINC01378,AC124852.1,RIMS2,ANKRD30BL,GRM1,GRIN2B,TMEM130,KCNH7,ROBO2,GNG3,SHISA9,RIT2,AP000829.1,LINC02263,SLC24A2,ATP2B1,RASAL1,GABRA2,TAFA2,SLC38A11,MIAT,FRRS1L,LINC01821,EEF1A2,SCN3B",,
,Cluster_17,"DNAH11,EFHC2,SERPINI2,CFAP52,DRC1,ERICH3,C8ORF34,C4ORF47,SLC47A2,CFAP54,SLC9C2,DNAAF1,NAA11,CFAP57,SPAG1,SPAG17,SPATA17,MOK,ARMC2,CFAP61,FANK1,CASC1,NEK11,CFAP46,EFCAB6,DRC7,CFAP221,CFAP206,CFAP100,DTHD1,NPHP1,RGS22,RMST,CFAP47,DYNLRB2,NEK5,ROPN1L,EFCAB12,CCDC40,CCDC30,RPGR,EFCAB2,CCDC170,CCDC146,CFAP69,ANKRD45,ANKFN1,VWA3B,TTC34,TTLL9,AC099788.1,DNAI1,IQUB,DNAH9,DNAH7,DNAH6,VWA3A,WDR49,FHAD1,WDR63,DNAH5,WDR78,LINC01088,AC013470.2,ZBBX,DNAH12,LINC00880,DCDC1,AC104078.2,AC105052.5,TTC29,PLTP,CFAP70,MAP3K19,FRMPD2,CFAP73,MAATS1,TCTEX1D1,TEKT1,ODF3B,TMEM232,LRRC9,LRRC6,PTPRQ,AK1,PACRG,AGBL4,PPP1R42,LRGUK,CFAP43,NTRK2,PARD3B,AC004949.1,NOL4,NEK10,LINC00609,LINC00894,LINC01091,LINC01094,LINC01602,LINC02018,LINC02055,LMNTD1,LRAT,LRIG3,LRP1B,LRRC23,LRRIQ1,MAOB,MIR99AHG,MLIP,MLIP-AS1,MYCBPAP,MYLK3,NEBL,NEGR1,NCKAP5,RFTN2,PARP15,TPPP3,SPATA6L,SPEF2,SRPX2,STK33,SULT1C4,SYNE1,SYNM,SYTL4,TCP11L2,TMEM163,TMEM67,TOGARAM2,TP63,TRDN,PAWR,TSGA10,TTC23L,TTC26,TUBA1A,TWSG1,ULK4,USP2-AS1,USP43,WDR66,WLS,ZFP36L1,ZFPM2,ZMYND10,SPATA18,SPA17,SOX5,SORBS2,PDZRN4,PIK3C2G,PLCH1,PLCZ1,PLEKHA5,PLEKHA7,PPIL6,PTCHD1-AS,RALGPS2,RASSF4,RERGL,LIMCH1,RFX2,RFX4,RNF165,RNF19A,ROBO2,RORB,RPS6KA5,RTN1,SCIN,SDK1,SGSM1,SLC14A1,SLC35F4,SLC7A11,SLCO1A2,LINC00271,FIGN,LHFPL6,CD36,AL357093.2,AL390957.1,AL513166.1,ANGPT1,ANKDD1B,ANTXR1,ANXA1,AR,ARMC3,ARMC4,B3GLCT,BBOX1,BCL2,BMPR1B,BRINP3,C1ORF198,C1ORF87",,
,Cluster_18,"AC103770.1,AC008467.1,LINC00326,AC024901.1,IL12RB2,LINC01208,AC068633.1,LINC01482,DNAH12,AC009264.1,CORIN,AC019117.1,LINC01933,LINC01934,AC078923.1,MSH4,SGO1-AS1,AC105290.1,AC092813.1,SPDYA,AC005487.1,AC097522.2,AC005355.1,AL078604.4,NUP210L,LEKR1,KLRD1,IL34,IGF2BP2,TPH2,NFE2L3,ASB15,GRK7,C5ORF66,FER1L6,PKD1L1,AL390957.1,SLC10A1,COL21A1,AL590434.1,AC092353.1,AL136456.1,LINC02763,IL12A-AS1,LINC00880,LINC00589,LINC01504,MGAM,LINC01214,AC010343.3,LINC02073,LINC01823,LINC02196,LINC01588,LINC02408,LINC02341,LINC02398,AL512328.1,ARHGEF28,TG,LINC02613,MANBA,AC084816.1,AC004949.1,AL008633.1,PXDNL,LINC02680,CLVS1,PPP1R1C,LINC02150,PTGER3,DCDC2C,LINC00616,TSPAN8,LINC00881,GABRR2,AC015845.2,LINC00636,TRIM59,LINC01182,NPR3,LINC01811,AL136441.1,AL162414.1,LINC02576,AL078602.1,KCNMB2-AS1,MYOCOS,SLC7A11-AS1,LINC02641,IL1R1,MLIP-AS1,AC103409.1,PLSCR2,AL606489.1,HORMAD2,AP001977.1,GLRA1,RSPO2,C2CD6,C2ORF88,LINC02006,CCDC73,PLBD1-AS1,LINC00534,AC003666.1,TMPRSS12,WWTR1,TRHDE,AC010476.2,AC019117.2,AC009975.1,TGM6,AC068672.2,THORLNC,TICAM2,TAFA4,DCHS2,AC017074.1,AC092353.2,AC097511.1,GPR160,AP003472.1,KLB,AL138694.1,NEB,GRIN3A,SLC2A9,AC079210.1,AC025159.1,AC025465.1,AL357153.2,AP001341.1,AP001042.1,AC015987.1,NECAB1,COL14A1,AC010168.1,AC004083.1,LMOD1,LINC02516,LINC02236,AC008269.1,MAP3K19,MAP7D2,AC112770.1,CCDC59,AC119674.1,PTPRQ,LINC00607,MGAM2,AVIL,SLC9C2,LINC01191,DYSF,FER1L6-AS2,PSTPIP2,AC079950.1,CAPN9,FO393415.1,AC100849.1,RGS22,CCDC175,CDS1,PKN2-AS1,DIRC3,AC073569.2,DPYS,CDKL2,CPED1,CD200R1,PLBD1,AC073365.1,DNAH14,ECT2L,GBX1,AC012178.1,LINC02542,AC006197.2,LY75,LINC01500,LINC01483,METTL24,LINC01299,LINC01257,LINC01031,MLIP,AC011287.1,AC011997.1,LINC00640,GUCY2C,LINC00536,MTHFD2L,LHCGR,LDHC,KIAA2012,KCNAB1,C5ORF47,IL1R2,NEXN",,
,Cluster_19,"LSAMP,AC110285.1,SSH2,SLC44A1,RASGEF1B,RAPGEF1,ENPP6,EPB41L2,PKP4,BMPER,PKP4-AS1,PLCB1,TMEM163,TMEM132B,TMEM108,BCAS1,GPR17,AL359091.1,SOX6,PRKCE,SRCIN1,TF,TCF7L2,FYN,PPP1R16B,FRMD5,FRMD4B,FRMD4A,APCDD1,ACAN,PCDH7,SLC2A13,SHROOM4,SGCD,SEMA4D,AC006058.1,AC008080.4,SH3RF3,MOG,MPZL1,ZEB2,MVB12B,MYRF,LINC01170,UGT8,CLDN11,NFASC,SILC1,CDK18,TNS2,TNS3,KCNS3,SIRT2,AC079148.3,CRB1,LCNL1,PRICKLE1,DNM3,FGF12,FAM13C,FA2H,RNF144A,CD22,CNP,CADM2,SOX10,GNAI1,ST18,PHYHIPL,MBP,MOB3B,AC005042.2,AC009041.2,TUBB4A,OPCML,P2RX7,TNR,TNFRSF21,PPP2R2B,TMTC4,PHACTR3,SEMA5A,ADRA1A,PLD1,PLP1,TMEFF2,GNB4,MAG,GLRA3,SEMA5B,FAM83D,LIMS2,PTGDS,CPM,NTN1,GPC3,PADI2,DGKB,PARD3B,EPHB1,KAZN,DLG1,DOCK10,ITPR2,PLEKHA6,FAM102A,PDE3B,DOCK6,DSCAM,HDAC2-AS2,DOCK4,AATK,SEMA6D,SLC1A1,AL512308.1,TMOD1,ADAM23,AC098617.1,AC092422.1,AC069209.2,SLC22A23,TRIM2,AC044781.1,CADM1,UST,ZNF469,ZNF488,SGK1,CENPJ,LIMD1,ZNF536,SPNS2,ARHGAP5-AS1,ARFGEF3,GALNT13,TFEB,GNG2,AL136114.1,GRID1,ADD3,ADAM33,ADAMTS14,AC024145.1,ICK,PCDH11Y,IL1RAPL1,KANK2,FAM110C,MDGA2,KHDRBS3,ZNF365,ATCAY,PPFIBP1,SCARB1,RGR,SMOC1,SEMA3E,CCDC148,EYS,RINL,PTPRO,SLC7A14,ELF1,RBPJ,EPS8,DSCAML1,RARB,C12ORF40,LGI3,BEST1,CDH19,TMTC1,TMEM235,C10ORF90,BRINP2,SLC16A10,OSBPL1A,PDE4B,E2F3,NTM,SLC7A14-AS1,TNK2,SLC24A2,AC092969.1,KLHL29,AL157392.2,NID2,KIF21B,ANKRD44,BACH2,ATP1B1,MMP17,PRKG2,FERMT1,PRIMA1,ERBB3,ARHGAP31,FMNL2,SYNDIG1,ANO3",,
,Cluster_20,"THSD7A,RND3,SETBP1,PROX1,MYT1L,NEDD4L,FRMD4A,SILC1,FNBP1L,TOX3,KLHDC8A,PAK3,GPR137C,ELAVL4,PKIA,INSM1,KALRN,KCNH7,AC099792.1,CEMIP2,GRIK2,CACNA2D1,STMN2,SOX11,MIR99AHG,MAP1B,DCX,NFIA-AS2,TFDP2,AF279873.3,ROBO2,ROBO1,RNF165,CTNNA2,AFF3,RMST,SRRM4,MIAT,PTPRK,DISP3,RBFOX3,PTPRN2,RIT2,CLVS1,KIAA1324L,LINC00609,ANK2,LINC01619,LINC01748,AC004160.1,PDE4D,NRP1,MYO16,BASP1,NYAP2,ONECUT2,SLC17A6,AC011900.1,ZNF804A,UNC79,BOC,HDAC9,PBX1,MARCH1,LINC01102,AL589740.1,SEZ6L2,SOX4,APBA1,CLSTN2,ARL15,CELF4,CASC15,SEZ6L,CNTN2,DCC,PLXNA4,ROBO3,PAK5,MAML3,LINC00599,LINC00461,LHX1-DT,LHX1,LEMD1,KLHL35,NRXN1,HRK,PCSK2,DSCAML1,GLCE,PIK3R3,GABRB3,PLEKHA6,PRDM8,PROX1-AS1,PTCSC3,EBF3,RAB3C,SRRM3,MIR137HG,TSPAN18,TOX,ZNF536,VWDE,TMEFF1,AL133304.3,AL009178.3,SV2B,KLF7,AKAP6,NOL4L,KIAA1211,KIRREL1,NOL4,NMNAT2,NKAIN1,FGD4,ADAM22,TUBB3,ZEB1,SGIP1,PHACTR1,LINC01122,GAS2,VWC2L,ADCY8,VOPP1,CARMIL1,GLYCTK-AS1,IGFBPL1,GPM6A,AC023469.1,CDK6,GRIA4,PANTR1,ATP8A1,SYT14,EPCAM-DT,SYT4,DPYSL5,ST18,RAPGEF5,DGKI,DYNC1I1,EBF1,ZNF704,LYPD6B,ANK3,ELAVL2,ZNF618,GSE1,PPFIA2,NDST4,ZNF423,SMPD3,CRYBG3,AC004540.1,RNF122,LINC02223,AC097713.1,AC084361.1,DUXAP8,GNG2,GLRA2,DSCAM,PCLO,POU2F2,AC096669.1,ST8SIA3,AC060765.2,TMEM178B,PLXNA2,PGBD5,ELN,EYA2,EPHA3,PKIA-AS1,FOXP2,EPHB2,PLCL1,TRIM2,ERC2,FAM155A,NSG2,HECW1,MSRA,LINC01891,LINC01949,LINC02008,LINC02055,LINC02391,LINC02487,LINC02488,NAV2,MYO16-AS1,LRP8,MOXD1,OTP,LYPD6",,
,Cluster_21,"THSD4,STK17B,ADAMTS6,AGMO,AKAP6,IQSEC2,OPHN1,AL355306.2,HEPACAM,KIAA1211,GHR,PLCB1,NHSL1,PARD3B,FMNL3,PARD3,CSGALNACT1,CTDSPL,SLC8A1,RIDA,SNX7,EPHB1,AL589740.1,HIF3A,AKAP13,DCC,TMEM132C,CDH20,SEMA4B,RNF150,GRK3,PCSK2,AL590617.2,EAF2,FAT3,ANKFN1,PHACTR1,GLYATL2,SORCS3,SYBU,CACNB2,ATP13A4,FOXO1,SSBP2,PTPRT,RAD51B,FRY,MERTK,SLC1A3,PAPLN,NDRG2,NKAIN3,KCNIP1,MME,AC091826.2,KCNH7,AC092902.4,AC068587.4,TPCN1,LINC01677,ENTPD1-AS1,EFR3B,MXI1,RGCC,RFX4,ESRRG,RASL10A,RBMS3,MYO10,LRIG1,NCEH1,LINC01748,EPHA5,MT1X,LRRC1,LSAMP,SLC1A2,SLC15A2,CPNE5,MIR99AHG,MCF2L2,MARCH3,MAP2K6,DDAH1,LRRC4C,DGKG,SCG3,DIPK1A,DISP1,RORA,DOCK4,MTHFD2,LINC01117,ID4,FGFR2,PDE3A,PCTP,KLHL25,KCNT2,CNKSR2,KCNQ5,NRXN1,HEPN1,OSBPL11,HES1,HES4,IL3RA,HIF1A,PAPPA,HMCN1,HNMT,GRAMD2B,GPM6A,PTPRG,PDZRN3,LINC00461,HTRA1,FRMD4A,NEDD4,FTCDNL1,NHS,FXYD7,PPP2R2B,POT1-AS1,GCLC,LAMA2,GINS3,PITPNC1,KYAT1,NPAS3,FOXP2,ZNRF3,CLIP1,C1ORF61,BBOX1,STON2,STK33,TTN,AC093535.1,TMEM108,C1QL1,TSHR,SPON1,SPOCK1,SPARCL1,SORL1,CCDC141,AC087564.1,B3GNT5,AC114760.2,CCDC178,ANLN,TLE1,ALDH1L1,AMER2,ADIPOR2,ADD3,ADCY8,ACSS1,ATP2B2,TACR1,ARHGAP24,TAB2,ARHGAP31,ASB18,ASTN2,SNCAIP,ST6GAL2,TLN2,AC007364.1,SLC8A1-AS1,AC008957.2,CDH18,AC008127.1,CDH11,CHST9,AC019068.1,CLEC16A,SLITRK5,CCDC7,ZNF521,AC007262.2,MMP25-AS1,NUMB,OGFRL1,TRPC4,TMEM178A,MROH9,TRMT9B,TMEM65,OSBPL6,PCDH11X,TRIM9,P4HA1,MPP6,PAG1,ZNF423,PAM,TMTC2,TPM1",,
,Cluster_22,"DPYD,WWTR1,ADAMTS9,CNTNAP3B,SPOCD1,RASSF8,NEAT1,GAP43,POSTN,SATB2,NRCAM,MAP1B,C6ORF141,CHI3L1,TENT5A,SHC1,SIPA1L1,SLC4A7,HMGA2-AS1,CLIC4,LINC02821,LMCD1-AS1,NRP1,CDH2,LONRF2,CCDC102B,PDPN,SYTL5,SRPX2,MAN2A1,CADPS,SRPX,CNIH3,DNMBP,MEG8,PRRX1,HIVEP3,GSAP,IGF2BP2,GPR158,IGFBP7,GFPT2,GALNT2,PMEPA1,FNDC3B,RBMS1,RCAN2,RFFL,RGS17,FBLIM1,ITGAV,ESR2,PLA2R1,EHBP1,PGM2L1,DPYSL3,ARSJ,HMGA2,ARHGEF3,TRIO,AC007098.1,ADAM12,ARHGAP29,ABCC3,ENC1,JPH1,KALRN,ELMOD1,SAT1,ELL2,MT-CO2,EFNB2,RTN1,EFEMP1,NFASC,KCNMA1,MT-ATP6,ADAMTS9-AS1,DPF3,TRPS1,ACSS3,SCG2,TRPM3,KDR,DMD,PDLIM7,SERPINE1,DEC1,DCBLD2,CXCL14,PDE4D,LAMB1,ERC2,FAM20C,ACP6,PRAG1,PROX1,ZNF385D,HECTD2,HRH1,PTK2B,HS3ST5,PRKG1,PTPN14,GRB10,GPR37,PTPRE,GNA14,AC016745.1,IL1R1,NAMPT,CRIM1,WDR49,GABBR2,FRMD5,FREM2,PLXNA4,AC090791.1,RBM47,VMP1,NEK10,ITGA3,AC110058.1,MT-CYB,MT-CO3,FAM78B,CSMD2,SFXN5,CHSY3,TNFRSF12A,CAMK2D,LZTS1,AKAP6,SPARC,CFLAR,STAT1,TNC,CDK6,LMNTD1,NRP2,MIR4435-2HG,OSBPL3,SPP1,SPRED1,CD44,SPRED2,AL354740.1,CCL2,OSBP2,MIR222HG,LRP1B,TIMP1,AL596087.2,CLCF1,OCIAD2,METTL7B,ANXA2,LINC01138,SLC44A5,COL22A1,BCL6,MICALL2,LIF,SYNJ2,LDLR,TCF7L2,CNTNAP3,CNR1,SMYD2,NRIP1,LINC02742,STIM1,ARHGAP26,NOS1AP,NEBL,PODXL,NPTX2,NPNT,PRICKLE2,PROS1,NAV2,NT5E,NT5DC3,MYOF,MYRFL,NALCN-AS1,PRICKLE1,NNMT,PCNX2,PLCH1,NTNG1,PEG10,PCDH9,NHS,PDE10A,PDE7B,PBX3,PDE8B,PDGFA,NHSL1",,
,Cluster_23,"GBP1,ETV6,HLA-E,RSAD2,RUFY4,HERC6,HELZ2,SAMD9,SAMD9L,SAMHD1,GPR39,GCH1,GBP5,GBP3,PARP12,SFMBT2,ERAP2,RNF213,EPSTI1,SP100,DTX3L,SP110,SP140L,DDX60L,DDX60,DDX58,CXCL10,STAT1,TAP1,TAP2,TAPBP,CMPK2,HLA-F,IDO1,CFH,LYPD1,PARP14,OASL,OAS3,OAS2,OAS1,PARP9,NRIR,NMI,NLRC5,MX2,MX1,PLEKHA4,PLSCR1,PML,PSMB9,IFI16,LINC02328,LINC02100,PTK2B,LAP3,AC002074.1,JAK2,ISG15,IRF1,IL15,IFIH1,IFI6,IFI44L,IFI44,IFI35,CIITA,PARP10,BTN3A1,ATP10A,AL157871.4,TRIM22,WARS,XAF1,TNFSF10,ZBP1,AC083837.1,ZC3HAV1,CD274,ALPK1,USP18,AP001610.2,APOL1,APOL6,TRIM5,AC006160.1,AC005909.2,TRIM56,AC004551.1,APOL2,RTP4,KCND3,KALRN,IRF7,IL1R1,RIPOR2,IFIT3,AL353807.5,IFITM3,ICAM1,IFIT2,UTRN,AL356010.2,APOBEC3G,IFI30,IFIT1,CFLAR,LDB2,VAMP5,PARD3,PARP8,OSMR,ODF3B,AC007991.3,AC012363.1,NRP1,AC022034.1,NPAS3,NOD1,NNMT,PHF11,NCAM2,PLAAT4,MLKL,PLPP3,MIR155HG,MET,VOPP1,HLA-C,LINC02300,LHFPL6,PTGS2,APOL3,AL596087.2,HLA-B,GBP2,TRIM25,SHFL,FBXL7,FAM182B,SOCS1,SOCS2-AS1,TRANK1,DPYD,SPDYA,SPTLC3,CASP4,DCC,DAAM1,SQOR,CD44,TGM2,TBC1D1,BOC,LAMB1,TRIM38,GBP4,ART3,BACH1,SERPING1,B2M,HERC5,ARHGAP29,SBNO2,SAT1,PIK3R3,PKN2-AS1,PLA2G4A,SPOCD1,TNFAIP2,SCN1A,ZCCHC2,TRPM3,PLEKHG1,PLPP1,TSHZ2,PDGFRL,TNC,ZDHHC13,TNFSF14,ROS1,PDCD1LG2,SSTR2,SYBU,ZNF536,TLR3,TLR2,SAMD4A,TCTEX1D1,TDRD7,TESK2,TENT5A,TNFSF13B,PLVAP,SEPTIN14,SLC12A7,SLFN12L,PTX3,RAB20,RALYL",,
,Cluster_24,"C3,APBB1IP,HCLS1,PTPRC,OLR1,CSF2RA,INPP5D,LCP2,CSF1R,LY86,DOCK8,CD53,TBXAS1,IKZF1,TFEC,PLXDC2,CD74,CD84,SAMSN1,LNCAROD,NCKAP1L,AC079015.1,LAPTM5,TLR2,RNASET2,SPP1,SRGN,FLI1,SLCO2B1,CYBB,ATP8B4,VSIG4,MSR1,RGS1,PIK3R5,MS4A7,ITGAX,ARHGAP15,C1QB,LINC02232,FMN1,LINC01374,HLA-DRB1,HLA-DRA,SYK,FYB1,SLC11A1,SFMBT2,RCSD1,LILRB4,FGD2,ARHGAP25,IRAK3,CLEC7A,LRMDA,WDFY4,LPCAT2,CD86,ADAM28,LINC02642,SLC2A5,HCK,MS4A6A,CSF3R,LYN,CD14,ALOX5,C1QC,GLDN,AC131944.1,DENND3,FCGR2A,TRPM2,CCL4,CCL3,SH3TC1,DOCK2,CD163,TMEM156,RHBDF2,IL1B,SCIN,C1QA,HLA-DPA1,FCGBP,PIK3AP1,AL392172.2,TYROBP,LRRK1,CD83,RBM47,APOC2,MS4A4A,BLNK,KCNK13,C3AR1,IRF8,VAV1,USP53,CX3CR1,ACSL1,PDGFB,STAB1,TNFRSF1B,HLA-DPB1,IL18,CARD11,CYBA,FCGR1A,PALD1,PARVG,CYTH4,SP100,KLHL6,PLEK,IL10RA,VSIR,HS3ST4,AL034397.3,MEF2C,ST6GAL1,GPRIN3,KYNU,TGFBR2,PDK4,SERPINB9,AC012150.1,CCL4L2,DOCK4,CCL3L1,B4GALT1,MYO1F,KCNQ3,MEF2A,BNC2,SLA,IL13RA1,DLEU1,IPCEF1,ANKRD22,TREM2,CTSB,SKAP2,IL4R,MS4A4E,ITGAM,EGR3,P2RY12,SAT1,FMNL1,PPARG,MAML3,FRMD4A,RIN3,RGS10,ALOX5AP,SPI1,BIN2,XACT,FGD4,MERTK,FCGR3A,ST6GALNAC3,MIR646HG,HLA-DMB,HLA-DQB1,MRC1,PRKCH,ADGRE2,LILRB1,IER3,EMB,HLA-DRB5,ITGB2,LINC02712,PADI2,ETS2,FCGR1B,SIGLEC8,MAN1A1,AL357522.1,CD163L1,SMAP2,THEMIS2,TMIGD3,CD69,AL163541.1,SIGLEC10,CPM,AC120193.1,TRIM38,RNF144B,EPB41L3,FAM149A,MAP3K8,RUNX1,PRKCB,ADORA3,LPAR5,IFNLR1",,
,Cluster_25,"ITGA4,GZMB,LCP1,LCK,KLRC1,JAML,ITK,ITGAL,AC004687.1,INPP5D,IL7R,IL2RG,IKZF3,IKZF1,GZMK,GZMH,GRAP2,LINC00426,GPR174,GNLY,GIMAP7,FYB1,FLI1,EMB,DOCK8,DOCK2,CYTIP,CTSW,CRYBG1,CORO1A,CD7,CD69,LCP2,LINC01871,CD48,SLAMF6,TXK,TRG-AS1,TRBC2,TRBC1,TRAF3IP3,TRAC,TNIP3,TNFSF8,TMC8,THEMIS,TC2N,SYTL3,STAT4,SLFN12L,SLAMF1,PARP15,SKAP1,SCML4,RUNX3,RHOH,RCSD1,PYHIN1,PTPRC,PTPN22,PTGDR,PRKCH,PRKCB,PRF1,PPP1R16B,PARP8,CD53,ZNF831,ARHGAP15,AREG,AC079793.1,AC010609.1,CD2,AOAH,CD3G,CCL5,ARHGDIB,CARD11,CD3E,CD3D,CD247,SAMD3,AKNA,BATF,ITGA1,BCL2,IL32,BIN2,IL2RB,SPN,SLFN13,IL10RA,GZMA,ATP2A3,IFNG-AS1,ICOS,SIDT1,SLA,NCR1,HCST,ACAP1,IL18R1,RAB11FIP1,ITM2A,PIK3R5,NKG7,NLRC3,P2RY10,P2RY8,MCTP2,PCED1B-AS1,PDCD1,LTB,LSP1,PIK3CD,LINC01934,RASAL3,LINC00861,ARHGAP25,ARHGAP30,PTPN7,KLRK1,KLRD1,KLRC4,KLRC2,AC243960.1,RAC2,GIMAP5,NCKAP1L,TRAT1,FCRL6,DUSP2,TMEM200A,TNFAIP8,CLIC5,ETS1,CXCR4,AC006369.1,CD96,CD8B,TESPA1,TRGC2,TES,AC243829.1,CD244,ZAP70,DENND2D,CD52,CD55,TBC1D10C,AC024028.1,CYTH4,CD6,CD70,FGD3,CST7,AC013437.1,PTK2B,TRPM2,ALOX5,PSTPIP1,AL157402.2,AL603839.3,PRKCQ,PRKY,AL590764.1,PRKCQ-AS1,TREM2,AC009432.2,TAGAP,ALOX5AP,PDE3B,NLRP1,OLR1,ZBP1,APOC2,PARVG,PCED1B,WDFY4,VSIG4,PHACTR2,TYMP,PIK3AP1,VAV1,PIK3CG,UBASH3A,PLD4,PLXDC2,APOBEC3G,APBB1IP,TYROBP,RGS1,AC022126.1,SIRPB2,ADGRE5,AC124014.1,ACSL5,TFEC,SLAMF7,SLC11A1",,
,Cluster_26,"AC004448.2,PIM3,MYL12A,NANS,NCBP2AS2,NLRC3,NR1D1,NUPR1,ODF3B,OSER1,OSGIN1,PELO,PLA2G4C,AC006449.6,PLCD1,PLIN2,PLIN3,PLXNB2,PMP22,PNRC1,POLR2K,PPP1R15A,PRKG1,PRSS3,MRPL50,MRPL36,MKNK2,MGST1,ITGA5,ITGBL1,JAGN1,KDR,KIF22,KLHDC8B,KRT10,LAMTOR5,LGALS3,LINC00910,LINC00944,LINC01257,LINC01579,LINC02296,LINC02680,LITAF,MAF,MAFF,MAP1LC3B,MAP2K3,MATN4,RCAN3,RCAN3AS,RHOC,SPHK1,SRP14,SS18L2,SULT1A1,TCEAL7,TCEAL9,TM4SF1,TMBIM1,TMC1,TMSB4X,TNFAIP6,TNFRSF12A,TOB1,TRA2B,TRIM25,TTTY14,UPP1,VASN,XIRP1,ZC3H12A,ZFAND2A,ZNF114-AS1,SQSTM1,SOCS1,RNF7,SNRNP25,ROR1-AS1,RPL15,RPL22L1,RPL36AL,RPS27L,RRAD,S100A13,S1PR1,SDC4,SEC61G,SEPHS2,SERTAD3,SLC25A5,SLC30A8,SMIM26,SNHG12,SNHG19,SNHG21,SNHG3,SNHG8,SNHG9,IRF4,IL32,IER5L,AC117465.1,ADRA2C,AJ003147.2,AL118516.1,AL138828.1,AL161734.2,AL163636.1,AL357833.1,ANXA1,ANXA2,AP000317.1,AP003472.1,AP003900.1,ARHGAP8,ATF4,ATP5MC3,ATP6V0D2,B2M,BEX2,C3ORF52,CDKN1A,CEBPB,AC131944.1,AC116407.2,CES1,AC115282.1,AC007728.2,AC010789.2,AC010997.5,AC011445.2,AC012447.1,AC015912.3,AC016575.1,AC020765.2,AC022784.1,AC023194.3,AC040169.1,AC044849.1,AC073578.2,AC087286.2,AC091849.2,AC092171.4,AC092353.2,AC104383.2,AC108134.2,AC108734.4,AC110023.1,CEBPD,CIB1,ID3,H1F0,H3F3B,HAL,HERPUD1,HIST1H2AE,HIST1H2BD,HIST1H2BF,HIST1H2BG,HIST1H2BJ,HIST1H3J,HIST1H4H,HIST2H2BE,HIST3H2A,HLA-E,HMOX1,HOMER3-AS1,HRK,HS3ST2,HSPA1B,HSPA2,HSPB8,HSPE1,H2AFJ,GRN,CLIC6,GPX3,CNGB1,COL1A1,COL8A1,CPB1,CRYM,CSTB,CTSL,DANCR,DDIT3,DDIT4,DEPP1,DNAJA1,EIF1,FABP5,FAM43A,FTL,GABRE,GADD45B,GCNT4,GDF15,GEM,ZNF622",,
,Cluster_27,"ABCB5,MOXD1,LINC02391,LINC02397,LINC02821,LRP4,MACORIS,MALRD1,MAP3K1,ME1,MIR217HG,MMP16,MPPED2,AC006206.2,NAV2,NCALD,NOS2,NPNT,NPSR1-AS1,NRIP1,NRXN1,OSBPL10,PAPOLG,PARD3,LINC02378,LINC02058,LINC02008,LINC01965,IL1RAPL2,JAG1,KCNE4,KCNIP1,KCNJ16,KIAA1217,KLHDC8A,KLRC2,LDLRAD3,LHFPL3,LHFPL3-AS1,LINC00355,LINC00528,LINC01185,LINC01241,LINC01446,LINC01505,LINC01508,LINC01828,LINC01876,LINC01923,PCBP3,PCDH15,PCDH7,SORCS1,SPATA6,SPRY4,ST6GALNAC5,STS,SYK,TAF3,TENM1,TMEM176B,TMEM72-AS1,TP63,TPRG1,TRPM3,USH1C,USP6NL,VAV3,VSTM4,WNK2,ZEB1,ZEB1-AS1,ZFHX4,ZFHX4-AS1,SOX5,SMYD3,PCSK2,SLCO2A1,PDE3A,PDGFRA,PELI1,PEX13,PIP4K2A,PKIA-AS1,PRTFDC1,PTPRZ1,PUS10,RAPGEF5,REL,RIT2,RNF220,ROBO2,RPH3A,RSU1,RYR3,SESN3,SHROOM3,SIPA1L2,SLCO1A2,IGFBP2,HIVEP3,HIP1,AC092957.1,AC093912.1,AC113167.1,AC129807.1,AC233296.1,ACSS3,ADAMTS6,AF130359.1,AF279873.3,AGMO,AL050309.1,AL096854.1,AL117329.1,AL136171.2,AL139231.1,AL157778.1,AL157944.1,AL353613.1,AL353753.1,AL606923.2,AP000787.1,AP001924.1,AC093515.1,AC092155.1,ARHGAP12,AC090993.1,AC007098.1,AC007100.1,AC007344.1,AC007402.1,AC008554.1,AC009501.3,AC010991.1,AC011246.1,AC011287.1,AC011306.1,AC012368.1,AC013287.1,AC016727.1,AC018462.1,AC060834.2,AC068308.1,AC073365.1,AC079304.1,AC087855.2,AC090630.1,AC090692.1,AP001977.1,ARHGEF28,GRIA3,DGKB,DLL3,DNAJC1,DPF3,DUXAP8,EHBP1,ELOVL2,ENKUR,EPHA3,EYA1,FABP5,FAM107B,FAM161A,FAT3,FHIT,FMN2,GABRA4,GABRB1,GABRE,GALNT2,GNGT1,GPR158,DISC1,DENND2A,ASB4,CSPG5,BCL11A,BEND7,BEST3,BNC2,C2ORF74,CACNB2,CASC9,CCDC7,CCN4,CD96,CELF2,CFAP47,CHL1,CLVS2,COL28A1,COLGALT2,CPNE4,CPPED1,CPVL,CREM,CSMD1,ZNF438",,
,Cluster_28,"TUBB2B,DBI,ACTB,ACTG1,B2M,GAPDH,RPS2,NDUFB7,NDUFS5,RPS3A,NME2,RPS27A,RPS25,RPS24,RPS20,RPL27,RPS19,RPS18,RPS6,RPS16,RPS15,UBA52,RPS13,RPS11,RPS10,RPS17,NDUFA4,RPLP2,SRP14,TPI1,EEF1A1,TMSB4X,ELOB,TMSB10,FAU,FTH1,FTL,H3F3B,RPS8,HSPA8,RPL27A,MARCKS,MARCKSL1,MIF,TUBA1A,TUBA1B,CHCHD2,PFN1,TPT1,RPLP1,PTMA,RPL24,RPL23,RPL28,RPL21,RPL19,RPL18A,RPL15,RPL13A,RPL13,RPL12,RPL11,RPL29,RPL3,RPL32,RPL34,RPL41,RPL38,RPL9,RPL39,RPL8,RPL7A,RPL17,SERF2,RPS15A,HSP90AB1,ANAPC11,RPS21,SSR4,RPL37A,COX6A1,RPL7,EIF1,RPL23A,RPL26,RPS23,RPS14,RPS4X,RPS28,UBL5,RPL35A,RPL36,PTMS,RPL35,RPS27,BTF3,ATP5MF,RPS7,RPL30,ATP5F1E,UQCRB,RPS12,RPL36A,RPL22,MRFAP1,RPL37,NDUFB11,RPS29,RAN,PRDX1,OST4,S100A6,MT3,SNRPD2,UQCR10,VIM,ARL6IP1,C4ORF48,PRDX5,CST3,GNAS,PCSK1N,NDUFB10,HSP90AA1,C12ORF57,PHPT1,BCAN,UBC,GNG5,C19ORF53,STMN1,PSAP,MT2A,PARK7,DYNLRB1,RAC1,LGALS1,HLA-A,MRPL51,SPARC,MTRNR2L12,SLC25A5,TRMT112,S100B,BEX1,UBB,SEC61G,POLR2L,H2AFZ,BANF1,WDR83OS,ROMO1,RPL36AL,PSMB6,GADD45GIP1,CLU,TXN,EIF5A,CRYAB,CDK2AP1,ENO1,ATP5MC3,NDUFA1,TUBB2A,MT-ATP6,MT-ND4,CALM3,MT-ND2,MT-ND1,UBE2S,MT-CO1,MT-CO3,MT-CO2,POLR2J,ITM2C,PEA15,HLA-B,OLIG1,SOX2,DDT,OLIG2,PCBP1,H1FX,GUK1,C1ORF61,MT-CYB,NDUFA3,TSC22D4,SOX4,COPS9,FABP7,TUBB4B,ATP6V1F,IGFBP2,HLA-C,SELENOK,HSPA5,IFITM3,MT1X,JPT1",,
,Cluster_29,"MTSS1,PIK3R3,SOX11,NRXN3,CELF4,PAK5,SLCO5A1,SLAIN1,DCLK1,DCLK2,DCX,PBX1,SOX2-OT,NEDD4L,SEMA6D,ROBO2,BCL11A,KCNH7,PIP5K1B,HECW1,CACNA2D3,CERS6,BCL11B,PAK3,PTPRD,PRKCA,PPFIBP1,PATJ,PLS3,FNBP1L,CADM2,CASC15,NMNAT2,DLX6-AS1,FRY,GAD1,ERBB4,GRIP2,ELAVL4,KALRN,KCNMB2,KIAA1211,DYNC1I1,KLF12,DLX6,MYT1L,LINC00535,LINC02488,LRRC7,DAB1,MEIS2,MIR181A1HG,CNTNAP4,MPPED2,CNTN5,RIMBP2,PTPRN2,FLRT2,RIMS1,SOX4,AC017053.1,UNC5D,TOX,SNHG14,AFF3,SNTG1,AC068308.1,UNC79,TENM1,SSH2,AC068722.1,SYT16,ST8SIA5,SYT1,SH3RF3,TMTC2,ANK3,ANKS1B,ZNF536,ARX,AC008056.1,WNK2,STMN2,GRM7,GABRA2,XKR4,HIVEP3,LINC01102,ABTB2,GABRB2,LMO3,LRRN1,KCNB2,GSE1,FRMD4A,SYN3,SVOP,LSAMP,MAN2A1,GLCCI1,THSD7A,LINC00461,LARGE1,GNG2,HECW2,GPM6A,HUNK,KLF7,TMEM178B,GRIP1,KITLG,KIRREL3,TMEM65,MAP1B,IL1RAPL1,TSC22D2,LAMP5,MEG3,MAP2,PLXNA4,PDE10A,SHANK2,PDE4D,PDZRN3,PDZRN4,PHACTR3,SH3GL3,SGIP1,PLPPR1,SEZ6L,SIPA1L2,SEZ6,PRKCA-AS1,PTCHD4,SETBP1,SDK2,RIMS2,PTPRO,RAB3C,RAPGEF5,SILC1,PANTR1,MAP3K20,SRRM4,MARCH4,MCUB,RBFOX1,MGST1,MIAT,MIR137HG,ST8SIA4,ST8SIA2,ST6GAL2,SRRM3,SNAP25,NAV3,SPOCK1,NKAIN3,NRXN1,NSG2,NXN,NXPH1,ONECUT2,SNAP91,LINC01122,ZNRF2,AKAP6,CDH4,CELF5,DLX5,BRINP1,CSRNP3,CSMD3,BASP1,BACH2,B3GAT2,EPHA7,DOCK4,ENOX1,CPLX2,ELOVL6,AL589740.1,DSCAML1,ELMO1,CLVS2,AC233296.1,ATCAY,CUX2,CNTNAP5,CADM1,CAMK4,FAM155A,DCC,DAPK1,AC007405.1,DLX1,CASK,CDCA7,DLX2,CDH2",,
,Cluster_30,"ABCA1,FNDC3B,PKP4,PLCB1,FAM20C,PPARD,PRELID2,EHBP1,DPYD,RAI14,RASAL2,RASSF8,RGS17,DIAPH1,DGKH,ROR1,RPS6KA3,SERPINE1,CLIP1,CLIC4,SETBP1,FLNB,GBE1,BCL2L1,GLIS3,MEG8,MIR222HG,MPP6,LINC01411,MTHFD1L,MYH9,NAMPT,KIF26B,JAZF1,ITGA3,NR6A1,NRCAM,IMMP2L,IL1RAP,NRP1,OSBP2,HS2ST1,PACS1,PALM2-AKAP2,SPRED1,MAP1B,TET3,ACTN1,ATP13A3,TUBB6,WWTR1,ATP10A,TNC,ADAMTS9-AS2,TSHZ3,VKORC1L1,USP53,OSBPL8,UNC13B,UST,UTRN,VASP,NPAS2,NRXN3,TXNRD1,NRIP1,OTUD7A,OSMR-AS1,VEGFA,OXR1,P3H2,PALLD,TTTY14,PAM,PBX3,TSPAN9,PCOLCE2,PCSK5,PDE1C,PDGFC,PDLIM5,PDPN,NMNAT2,STK40,NIBAN2,MYADM,MAST4,ME1,MEG3,YBX3,MGAT5,MICAL2,YAP1,MIR4435-2HG,MLIP,XKR6,MSN,MSRB3,MTCL1,WWC2,VOPP1,NIBAN1,MYO16,MYO1D,MYO9B,VMP1,NAV2,NEBL,NECTIN3-AS1,NEDD9,NEO1,NFASC,NFKBIZ,NGEF,NHS,TSHZ2,PELI2,PHF21B,TRIO,SLC22A23,RUNX1,RUSC2,SAMD4A,SCN9A,SDK1,SEC14L2,SEMA3A,TANK,SERPINE2,SVIL,SGMS2,SIPA1L1,SLC20A1,SLC22A15,SLC35E4,STK32B,SLC35F4,SLC39A14,SLC4A7,SLC7A1,SLCO3A1,SMIM3,SMYD3,SUSD4,SPRED2,SRGAP1,SSH1,STAC,STAT3,STK10,TBL1X,RNF217,RGS6,TIAM1,PHLDB2,PITPNC1,TRIM9,TRIM38,TREM1,PLPP1,PLPP3,PLXNA4,TPST1,PPM1E,PPM1L,TPM4,PRKD1,PROS1,PTPN1,PTPRE,PTPRG,PTPRK,TOX2,PYGL,TNFAIP8L3,MAP3K20,TMEM178B,TMEM117,RBM47,RBPMS,RCOR1,TMEM108,TLN2,RAP1GAP2,LINC01705,MAMLD1,CACNA1C,CCM2,CAV1,CAPZB,CAMK2D,CAMK2B,CADPS,CADM1,CAB39,CDH11,CA12,C5AR1,C1QTNF7,C11ORF80",,
,Cluster_31,"ABLIM3,NHS,MXD1,MYOF,NAMPT,NAV2,NBR2,NCOA7,NEBL,NEDD4,NEK11,NEMP1,NHSL2,AC005237.1,NIBAN1,NPNT,NQO2,NTRK2,NUPR1,OSBPL11,PAG1,PCA3,PCGF5,PDCD4,MTHFD2L,MTHFD2,MTHFD1L,MT2A,LARP6,LIMCH1,LIMS1,LINC00571,LINC00698,LINC00836,LINC00882,LINC01376,LINC02340,LINC02615,LINC02646,LRIF1,LYST,MAFG,MAGI2-AS3,MAT2A,MCL1,MGAM,MIR99AHG,MSC-AS1,MT1X,PDE1C,PER1,PER3,SQSTM1,SYNE1,SYNPR,TBC1D8,TBX15,TNC,TNNI3K,TPK1,TPM1,TPM4,TRIB3,TRIM56,TXNRD1,UCHL1,UMAD1,UNC5B,UPP1,VCL,VIM,XBP1,YAP1,YBX3,SYBU,SPARCL1,PGM2L1,SNHG14,PIGB,PLPP1,PROS1,PRUNE2,PTPDC1,RFX2,RHOQ,ROR1,SCPEP1,SESN1,SESN2,SIPA1L1,SLC13A3,SLC15A4,SLC19A2,SLC25A25,SLC38A1,SLC38A2,SLC7A11,SLFN5,SNED1,KLF9,IRS2,IQGAP2,AL357153.2,AL591043.2,AL596330.2,ALDH1L2,ARID5B,ATF3,ATF5,ATF6,BHMT2,BMP2K,C11ORF65,C1QTNF7,C21ORF62-AS1,C9ORF72,CA1,CA3,CADPS,CALD1,CAMK2D,CASC15,CCDC136,CCDC15,AL390755.1,AL160314.2,CEBPB,AL139317.5,AC005753.2,AC009690.2,AC010210.1,AC012405.1,AC016705.2,AC025159.1,AC073941.1,AC083864.5,AC093206.1,AC093535.1,AC098829.1,AC104596.1,AC117383.1,AC138627.1,ACYP2,AF165147.1,AFF3,AHNAK,AIMP2,AKNA,AL121757.2,CCDC18,CEBPG,IQGAP1,EIF1,EPM2A,ERN1,EXPH5,FAM184B,FBXO32,FTH1,GCLM,GCNT1,GDF15,GLIPR2,GPX3,GUCA1B,HAP1,HERPUD1,HRK,HSPA5,IFRD1,IGF2R,IL3RA,ILF3-DT,INVS,EIF2AK3,DYRK3,CEMIP,DTWD2,CEP128,CHORDC1,CLIP1,CNKSR3,COX19,CPEB2,CREB5,CTNNA3,CYBRD1,CYP2R1,CYSTM1,DAAM1,DCLK1,DDIT3,DDR2,DEC1,DIXDC1,DMGDH,DNM1,DPH6-DT,DPY19L1,Z93930.2",,
,Cluster_32,"WDR62,C21ORF58,MSH5,SMC4,LMNB1,KNL1,PLK4,EZH2,Z94721.1,NCAPH,RRM2,STIL,DIAPH3,POLQ,PBK,NCAPG,CIP2A,KIF15,SMC2,SPC25,NCAPG2,CENPI,UBE2T,TMPO,CEP152,SKA3,SHCBP1,POC1A,KIF11,NDC80,NEIL3,KIF18B,MIR924HG,REXO5,AURKB,CCDC150,MYBL1,TACC3,FOXM1,DEPDC1B,MIS18BP1,KIFC1,NUSAP1,ESPL1,MELK,SPC24,IQGAP3,CEP135,RTKN2,LINC01572,BUB1B,CDC25C,FBXO5,ESCO2,BARD1,KIF4A,TBC1D31,CKAP2L,CIT,NOSTRIN,CEP128,ANLN,KIF24,GTSE1,MND1,CDK1,RFC3,HJURP,MKI67,VRK1,RACGAP1,NEURL1B,ECT2,E2F7,PARPBP,MGME1,BRCA2,TPX2,MXD3,FAM111A,APOLD1,NUF2,TOP2A,ARHGAP11B,ARHGAP11A,KIF23,PRC1,BIRC5,PRR11,RAD51AP1,CENPK,NEMP1,CENPU,CCDC18,CHEK2,CDCA8,BUB1,PIMREG,TTK,AC073529.1,DEPDC1,OIP5,DLGAP5,KIF14,SGO1,FANCD2,FAM111B,CENPE,CENPF,FANCA,DTL,CENPP,EXO1,MYBL2,DNA2,CKAP2,PCLAF,PRIM2,GAS2L3,HELLS,GINS1,PIF1,CEP55,MMS22L,CLSPN,CHAF1A,KIF18A,FANCI,UBE2C,TROAP,KNTC1,BRIP1,BRCA1,ZNF367,BORA,WDHD1,SCLT1,RBL1,AURKA,ATAD2,CCNB1,ASPM,ASF1B,SGO2,AC011447.3,CDC45,CDCA3,CDCA2,KIF2C,XRCC2,MCM10,ZGRF1,HMMR,SNHG31,LIN9,KIF20B,WDR76,KIF20A,ARL6IP1,HMGB2,KPNA2,MASTL,E2F1,CEP112,ERI2,PTTG1,FANCB,CENPN,TK1,CCNB2,AC090159.1,NCAPD2,FANCC,CDKN3,CHEK1,CENPA,RAD18,DBF4,POLE,FBXO43,CCNF,AC008543.1,FAM83D,RFWD3,SYNE2,LIG1,MAD2L1,CKS2,ZNF730,AC004943.2,CDC7,CDC20,MID1,POLA2,CDKN2C,RAD54B,H2AFX,UHRF1,KIF22,TIMELESS",,
,Cluster_33,"HSPH1,PPP1R15A,UBC,CCDC59,UBB,HSP90AA1,IFRD1,CACYBP,HSPA1A,MCL1,DNAJB1,HSPA1B,ARL4C,HSPA6,RND3,TCIM,HSPB1,TCP1,HSPE1,BAG3,ID2,ANKRD33B,UGCG,AMD1,TRA2B,ERO1A,HSPD1,BNIP3L,RRAD,SQSTM1,PDK1,TWISTNB,BIRC3,CCN1,MAP1LC3B,OSER1,DNAJB6,TCEAL9,SLC38A2,JUN,KLF6,CREBRF,USPL1,CHORDC1,DNAJA1,ZFAND2A,DNAJB4,GEM,TAF7,PLOD2,MOB4,AHSA1,INSIG2,INSIG1,PLCG2,CRY1,KDM3A,BNIP3,CRYAB,EIF1,CNN3,CITED2,PGK1,RRAGD,HILPDA,CEBPG,TNFAIP3,TMSB4X,SLC2A3,SEC61G,P4HA1,ADM,WEE1,PAM,SLC16A1,BHLHE40,AKAP12,H3F3B,NFKBIA,HDAC9,VMP1,HSP90AB1,ZFP36L1,ZNF330,RPS27L,RHEB,NFIL3,FAM210A,ATF3,GLUL,SOD2,SNIP1,NFKB1,HES1,GRB10,GPCPD1,HIST1H4E,SLC6A6,HIST1H2AC,SLC2A1,OSBPL8,FAM126A,GJC1,ENO2,FAM162A,CXCL3,ETS1,HSPA4L,ODC1,EPS8,SGMS2,RPL36AL,HK2,FRMD6,HOOK2,SF3B5,ELOVL5,EIF2AK3,GADD45B,DYRK3,EEPD1,NDRG1,MAFF,CAV1,TNFAIP6,LINC02801,C11ORF96,BTG1,TPT1,BHLHE41,MAFG,NOCT,ATP13A3,ATF4,TRMT10C,MBNL2,TXNDC16,ANKRD37,ANKRD28,MET,REL,AK4,VEGFA,VIM,ADAM9,RPS25,AC107021.1,WTAP,YOD1,MXD1,MYC,CAMK2N1,CHMP1B,LDHA,CEBPD,CEBPB,RYBP,KMT2E-AS1,PNRC1,LHFPL2,KRT10,SDCBP,ABHD3,CD83,JUND,JMJD6,RPL35A,JARID2,RPS27,HIVEP2,JUNB,MPP6,NR4A1,MRFAP1,MRPL18,MRPL50,SAMD4A,MSMO1,RPS23,NRN1,NSMCE3,MYLIP,MYOF,NCBP2AS2,HMGCS1,RSL1D1,OSBPL1A,IRF1,IMP3,IER5,RPL39,IER2,HUNK,RRAGC,RSL24D1,NUDT4,RPL37A,IQGAP1,HSPA8,MIR222HG",,
,Cluster_34,"ATP13A4,LINC00299,AQP4,HIF3A,LINC01727,SLC6A1,LDB2,ATP1A2,SLC4A4,SLC1A3,LRIG1,LIFR,SHROOM3,AHCYL2,C1ORF61,DTNA,ITPR2,RGMA,TFCP2L1,COL23A1,ALDH1L1,PCDH9,ADGRV1,KCNJ16,KCNN3,PDZRN3,KLHDC8A,MEOX2,AL589740.1,FMN2,SLC6A11,SLC1A2,SLC15A2,ESRRG,CADM1,CARMIL1,SEC14L1,CHPT1,DGKG,DCLK2,NPAS3,RORA,ZNF521,AC008957.1,MAPK4,WIPF3,MEIS1,AC008957.2,BBOX1,GLI3,PPARGC1A,AQP4-AS1,NCAN,RANBP3L,DMD,PLD5,AC012405.1,LRRC3B,GPM6A,RGS20,ALK,PHYHIPL,MAP3K5,PTPRJ,ARHGAP26,EDNRB,C1ORF21,TRPS1,TTYH3,FAT3,PREX2,PTPRT,ELOVL2,TTYH1,FGD4,ARHGEF26,AC024145.1,CACHD1,SLCO1C1,PXDN,GRIA1,LSAMP,PPP2R2B,AL591686.2,GRIA4,RGS7,HTRA1,TMTC2,COL4A5,ADCY2,KANK1,COL5A3,AC092691.1,NTM,COL8A1,LGR6,ACSBG1,CTNNA2,CPEB2,NPL,LFNG,AGMO,LHFPL6,AC073941.1,SASH1,AL355306.2,PDE4B,AL160254.1,DGKB,PCDH9-AS2,TPCN1,BRINP3,HOPX,AIF1L,TNIK,EGFR,CYP2J2,ERBB4,RGS6,DGKZ,CST3,DKK3,MARC2,RHOJ,RFX4,RGS7BP,PTPRZ1,DIO2,MIR99AHG,EEPD1,DCHS2,MLC1,LDLRAD3,LRRN3,EVA1C,GRAMD2B,NEAT1,PDGFD,GRM5,HEPACAM,PCAT1,PAPLN,PANTR1,OXTR,IMMP2L,KALRN,OLFM2,KCNIP1,NRXN1,KCTD8,NRG3,NELL2,NKAIN3,KLHL29,LINC00472,CSRNP3,LINC00511,FIGN,F3,PTN,PRR5,LMCD1-AS1,FBXL7,NAV3,FGFR2,FGFR3,NLGN4X,GPR39,LINC01677,PPP1R1C,PLXNA2,GABRB1,GALNT16,PLEKHG1,GFAP,GPC5,PHLPP1,RMST,C4ORF19,ATP1B2,AL158058.1,CPNE5,SETBP1,AL162718.1,THRB,AC022034.3,SGIP1,STOX1,BMPR1B,AC027117.2,ACSS3,ACSS1,ATP10B,CADPS2,SORBS2,ACACB,ARHGEF4,ARHGEF26-AS1,ARHGAP31,ARHGAP18",,